name,surname,name_generic
Alexander ,Alexander ,0
Wayne,Wayne,0
Aadil,Aadil,0
Abiodun,Abiodun,0
Abongile,Abongile,0
Aboo,Aboo,0
Abraham,Abraham,0
Abram,Abram,0
Abri,Abri,0
Abrie,Abrie,0
Abs,Abs,0
Absalom,Absalom,0
Absolom,Absolom,0
Abu Baker,Abu Baker,0
Abubaker,Abubaker,0
Abuja,Abuja,0
Achan,Achan,0
Achmat,Achmat,0
Acquim,Acquim,0
AD,AD,0
Adèl,Adèl,0
Adaan,Adaan,0
Adam,Adam,0
Adao,Adao,0
Adaobi,Adaobi,0
Adebayo,Adebayo,0
Adebisi,Adebisi,0
Adeboye,Adeboye,0
Adedamola,Adedamola,0
Adejoke,Adejoke,0
Adelaide,Adelaide,0
Adele,Adele,0
Ademola,Ademola,0
Adeoye,Adeoye,0
Adesh,Adesh,0
Adesola,Adesola,0
Adetayo,Adetayo,0
Adewale,Adewale,0
Adhil,Adhil,0
Adhir,Adhir,0
Adi,Adi,0
Adiel,Adiel,0
Adil,Adil,0
Adnaan,Adnaan,0
Adnan,Adnan,0
Adolf,Adolf,0
Adolph,Adolph,0
Adonis,Adonis,0
Adre,Adre,0
Adri,Adri,0
Adriaan,Adriaan,0
Adrian,Adrian,0
Adrienne,Adrienne,0
Advice,Advice,0
AE Abu Dhabi,AE Abu Dhabi,0
Aerol,Aerol,0
Aeysha,Aeysha,0
Afiefah,Afiefah,0
Afieya,Afieya,0
Afika,Afika,0
Afis,Afis,0
Afzal,Afzal,0
Agashan,Agashan,0
Agatha,Agatha,0
Aggrey,Aggrey,0
Agile,Agile,0
Agnes,Agnes,0
Agnesia,Agnesia,0
Agobakwe,Agobakwe,0
Agrippa,Agrippa,0
Ahkin,Ahkin,0
Ahmad,Ahmad,0
Ahmed,Ahmed,0
Aiden,Aiden,0
Aifheli,Aifheli,0
Ainsley,Ainsley,0
Aisha,Aisha,0
Aitken,Aitken,0
AJ,AJ,0
Ajay,Ajay,0
Akbar,Akbar,0
Akeel,Akeel,0
Akeem,Akeem,0
Akhe,Akhe,0
Akheel-Koin,Akheel-Koin,0
Akhona,Akhona,0
Akhonke,Akhonke,0
Akil,Akil,0
Akinjide,Akinjide,0
Akona,Akona,0
Al,Al,0
Alain,Alain,0
Alainah,Alainah,0
Alan,Alan,0
Alandile,Alandile,0
Alanna,Alanna,0
Alannah,Alannah,0
Alaric,Alaric,0
Albe,Albe,0
Albert,Albert,0
Alberto,Alberto,0
Albertu,Albertu,0
Albertus,Albertus,0
Albi,Albi,0
Albi van Zyl,Albi van Zyl,0
Albino,Albino,0
Alcody,Alcody,0
Aldridge,Aldridge,0
Aldus,Aldus,0
Alec,Alec,0
Alecia,Alecia,0
Alejandra,Alejandra,0
Alert,Alert,0
Aleseng,Aleseng,0
Alesh,Alesh,0
Aleshan,Aleshan,0
Alessia,Alessia,0
Alet,Alet,0
Alethea,Alethea,0
Aletta,Aletta,0
Alettah,Alettah,0
Alette,Alette,0
Alewyn,Alewyn,0
Alex,Alex,0
Alexander,Alexander,0
Alexia,Alexia,0
Alexis,Alexis,0
Alfonzo,Alfonzo,0
Alfred,Alfred,0
Alfredo,Alfredo,0
Algar,Algar,0
Ali,Ali,0
Alice,Alice,0
Alichia,Alichia,0
Alicia,Alicia,0
Aliese,Aliese,0
Alina,Alina,0
AlinaNkomo,AlinaNkomo,0
Alisha,Alisha,0
Alison,Alison,0
Alistair,Alistair,0
Alistar,Alistar,0
Alister,Alister,0
Alix,Alix,0
Aliza,Aliza,0
Alka,Alka,0
Allan,Allan,0
Allarece,Allarece,0
AllConnect,AllConnect,1
Allen,Allen,0
AllenCarr,AllenCarr,0
Alli,Alli,0
Allie,Allie,0
Allison,Allison,0
Allister,Allister,0
Almar,Almar,0
Almarie,Almarie,0
Alotaibi,Alotaibi,0
Aloyisa,Aloyisa,0
Aloysia,Aloysia,0
Alozie,Alozie,0
Alpesh,Alpesh,0
Alpha,Alpha,0
Alpheus,Alpheus,0
Alrick,Alrick,0
Alta,Alta,0
Althea,Althea,0
Altus,Altus,0
Aluncedo,Aluncedo,0
Alvin,Alvin,0
Alvira,Alvira,0
Alvira Leone,Alvira Leone,0
Alvona,Alvona,0
Alwin,Alwin,0
Alwyn,Alwyn,0
Alyssa,Alyssa,0
Amaka,Amaka,0
Amal,Amal,0
Aman,Aman,0
Amanda,Amanda,0
Amar,Amar,0
Amarendra,Amarendra,0
Amber,Amber,0
Ambesa,Ambesa,0
Ambrose,Ambrose,0
Ameer,Ameer,0
Ameera,Ameera,0
Ameet,Ameet,0
Amelia,Amelia,0
Americo,Americo,0
Amesh,Amesh,0
Amien,Amien,0
Amiena,Amiena,0
Amina,Amina,0
Amit,Amit,0
Amo,Amo,0
Amohelang,Amohelang,0
Amor,Amor,0
Amore,Amore,0
Amos,Amos,0
Amrish,Amrish,0
Amritashan,Amritashan,0
Amy,Amy,0
Ana,Ana,0
Anael,Anael,0
Anand,Anand,0
Ananda,Ananda,0
Ananzi,Ananzi,0
Anas,Anas,0
Anash,Anash,0
Anastasia,Anastasia,0
Anathi,Anathi,0
Anatoli,Anatoli,0
Anban,Anban,0
Anbu,Anbu,0
Anda,Anda,0
Ande,Ande,0
Anders,Anders,0
Anderson,Anderson,0
Andi,Andi,0
Andile,Andile,0
Andisa,Andisa,0
Andisiwe,Andisiwe,0
Andiswa,Andiswa,0
Andras,Andras,0
Andre,Andre,0
Andrea,Andrea,0
Andreas,Andreas,0
Andreia,Andreia,0
Andrew,Andrew,0
AndrewTemp,AndrewTemp,0
Andrey,Andrey,0
Andria,Andria,0
Andries,Andries,0
Andro,Andro,0
Andrzej,Andrzej,0
Andy,Andy,0
Ane,Ane,0
Anecia,Anecia,0
Anees,Anees,0
Aneesa,Aneesa,0
Anel,Anel,0
Anele,Anele,0
Anelisa,Anelisa,0
Anesh,Anesh,0
Anesu,Anesu,0
Anet,Anet,0
Anette,Anette,0
Anga,Anga,0
Angel,Angel,0
Angela,Angela,0
Angelika,Angelika,0
Angelina,Angelina,0
Angeline,Angeline,0
Angelique,Angelique,0
Angelo,Angelo,0
Angi,Angi,0
Angie,Angie,0
Angus,Angus,0
Aniceto,Aniceto,0
Anil,Anil,0
Anine,Anine,0
Anisah,Anisah,0
Anish,Anish,0
Anisha,Anisha,0
Anita,Anita,0
Anja,Anja,0
Anje,Anje,0
Ankit,Ankit,0
Anli,Anli,0
Ann,Ann,0
Anna,Anna,0
Anné-Marie,Anné-Marie,0
Annah,Annah,0
Annali,Annali,0
Annalie,Annalie,0
Annaline,Annaline,0
Annalize,Annalize,0
Anna-Marie,Anna-Marie,0
Annarike,Annarike,0
Annatjie,Annatjie,0
Annaz,Annaz,0
Anndreas,Anndreas,0
Anne,Anne,0
Annelee,Annelee,0
Annelene,Annelene,0
Anneleze,Anneleze,0
Anneli,Anneli,0
Annelie,Annelie,0
Annelize,Annelize,0
Anne-Marie,Anne-Marie,0
Anneri,Anneri,0
Annerie,Annerie,0
Annete,Annete,0
Annette,Annette,0
Annie,Annie,0
Anoop,Anoop,0
Anrea,Anrea,0
Anria,Anria,0
Anrico,Anrico,0
Anro,Anro,0
Ansa,Ansa,0
Anselmo,Anselmo,0
Ansi,Ansi,0
Ansie,Ansie,0
Ant,Ant,0
Anthea,Anthea,0
Anthony,Anthony,0
Antionette,Antionette,0
Antoinett,Antoinett,0
Antoinette,Antoinette,0
Anton,Anton,0
Antonette,Antonette,0
Antonie,Antonie,0
Antonio,Antonio,0
Antonnia,Antonnia,0
Antony,Antony,0
Ants,Ants,0
Anurag,Anurag,0
Anusha,Anusha,0
Anvall,Anvall,0
Anver,Anver,0
Anvor,Anvor,0
Anwar,Anwar,0
Anzelique,Anzelique,0
Aphelele,Aphelele,0
Aphiwe,Aphiwe,0
April ,April ,0
Aqeel,Aqeel,0
Aquinas,Aquinas,0
Araujo,Araujo,0
Archibald,Archibald,0
Archie ,Archie ,0
Arenco,Arenco,0
Arie,Arie,0
Ariel,Ariel,0
Ariful,Ariful,0
Aris,Aris,0
Arish,Arish,0
Arisha,Arisha,0
Arlene,Arlene,0
Arlington,Arlington,0
Armand,Armand,0
Armando,Armando,0
Armel,Armel,0
Armin,Armin,0
Arne,Arne,0
Arneau,Arneau,0
Arno,Arno,0
Arnold,Arnold,0
Arnot,Arnot,0
Arran,Arran,0
Arselio,Arselio,0
Arshad,Arshad,0
Arthur,Arthur,0
Artur,Artur,0
Artwell,Artwell,0
Asanda,Asanda,0
Asathi,Asathi,0
Asavela,Asavela,0
Aschrill,Aschrill,0
Aschwyn,Aschwyn,0
Asekho,Asekho,0
Ash,Ash,0
Asheeka,Asheeka,0
Asheka,Asheka,0
Ashelita,Ashelita,0
Ashendran,Ashendran,0
Ashieka,Ashieka,0
Ashleen,Ashleen,0
Ashleigh,Ashleigh,0
Ashleita,Ashleita,0
Ashlene,Ashlene,0
Ashley,Ashley,0
Ashna,Ashna,0
Ashni,Ashni,0
Ashok,Ashok,0
Ashraf,Ashraf,0
Ashton,Ashton,0
Ashveer,Ashveer,0
Ashvitha,Ashvitha,0
Ashwell,Ashwell,0
Ashwill,Ashwill,0
Ashwin,Ashwin,0
Asiff,Asiff,0
Asim,Asim,0
Asiphe,Asiphe,0
Asithandile,Asithandile,0
Asive,Asive,0
Aslam,Aslam,0
Asma,Asma,0
Assimina,Assimina,0
Aston,Aston,0
Astrid,Astrid,0
Aswath,Aswath,0
Atang,Atang,0
Athalia,Athalia,0
Athellyne,Athellyne,0
Athena,Athena,0
Athenkosi,Athenkosi,0
Athi,Athi,0
Athienne,Athienne,0
Athini,Athini,0
Athish,Athish,0
Athylle,Athylle,0
Atisha,Atisha,0
Atkins,Atkins,0
Attlee,Attlee,0
Aubrey,Aubrey,0
Auditor,Auditor,0
Audrey,Audrey,0
Audrid,Audrid,0
August,August,0
Augusta,Augusta,0
Augusto,Augusto,0
Augustus Makori,Augustus Makori,0
Aundine,Aundine,0
Aunine,Aunine,0
Austin,Austin,0
Austine,Austine,0
Avashnee,Avashnee,0
Aveer,Aveer,0
Avela,Avela,0
Avi,Avi,0
Avika,Avika,0
Avinth,Avinth,0
Avishkar,Avishkar,0
Aviwe,Aviwe,0
Avril,Avril,0
Avron,Avron,0
Avuma,Avuma,0
Avuyile,Avuyile,0
Awie,Awie,0
Ayanda,Ayanda,0
Ayesha,Ayesha,0
Ayodeji,Ayodeji,0
Ayrton,Ayrton,0
Azeez,Azeez,0
Azelle,Azelle,0
Azhaar,Azhaar,0
Azhar,Azhar,0
Aziz,Aziz,0
Azola,Azola,0
Azzeddine,Azzeddine,0
Baakens,Baakens,0
Babalo,Babalo,0
Babalwa,Babalwa,0
Baboloki,Baboloki,0
Babra,Babra,0
Babsie,Babsie,0
Bade,Bade,0
Badrudien,Badrudien,0
Badrunisa,Badrunisa,0
Bafana,Bafana,0
Bafokeng,Bafokeng,0
Bahlezi,Bahlezi,0
Bakar,Bakar,0
Balaji,Balaji,0
Balasela,Balasela,0
Baldwin,Baldwin,0
Baleseng,Baleseng,0
Bamidele,Bamidele,0
Bandile,Bandile,0
Banele,Banele,0
Bani,Bani,0
Bantu,Bantu,0
Barbara,Barbara,0
Barbara-Ann,Barbara-Ann,0
Barbra,Barbra,0
Barcia,Barcia,0
Bardie,Bardie,0
Barend,Barend,0
Bareng,Bareng,0
Baron,Baron,0
Barrie,Barrie,0
Barry,Barry,0
Barry-Lee,Barry-Lee,0
Bart,Bart,0
Bartolomeu Americo,Bartolomeu Americo,0
Basant,Basant,0
Basetsana,Basetsana,0
Bash,Bash,0
Basha,Basha,0
Basheer,Basheer,0
Bassey,Bassey,0
Batanayi,Batanayi,0
Batandwa,Batandwa,0
Bathandwa,Bathandwa,0
Batiisi,Batiisi,0
Batsile,Batsile,0
Baz,Baz,0
Beata,Beata,0
Beaula,Beaula,0
Beaulah,Beaulah,0
Beauty,Beauty,0
Becky,Becky,0
Bee,Bee,0
Beena,Beena,0
Bekezela,Bekezela,0
Bekithemba,Bekithemba,0
Bela,Bela,0
Belinda,Belinda,0
Belita,Belita,0
Ben,Ben,0
Benamile,Benamile,0
Benedick,Benedick,0
Benedict,Benedict,0
Benedicta,Benedicta,0
Benita,Benita,0
Benjamin,Benjamin,0
Bennedict,Bennedict,0
Bennet,Bennet,0
Bennie,Bennie,0
Benny,Benny,0
Benoy,Benoy,0
Benson,Benson,0
Benzo,Benzo,0
Berenice,Berenice,0
Berhane,Berhane,0
Berline,Berline,0
Bernadette,Bernadette,0
Bernadine,Bernadine,0
Bernaline,Bernaline,0
Bernalope,Bernalope,0
Bernard,Bernard,0
Bernardo,Bernardo,0
Bernardt,Bernardt,0
Bernhard,Bernhard,0
Berni,Berni,0
Bernice,Bernice,0
Bert,Bert,0
Bertha,Bertha,0
Bertie,Bertie,0
Bertus,Bertus,0
Bervelly,Bervelly,0
Beryl,Beryl,0
Bessie,Bessie,0
Besta,Besta,0
Betrees ,Betrees ,0
Betsy,Betsy,0
Betty,Betty,0
Beulah,Beulah,0
Bev,Bev,0
Bevan,Bevan,0
Beverley,Beverley,0
Beverly,Beverly,0
Beyers,Beyers,0
Bhargava,Bhargava,0
Bhavani,Bhavani,0
Bhavesh,Bhavesh,0
Bhavna,Bhavna,0
Bheki,Bheki,0
Bheki Prince,Bheki Prince,0
Bheku,Bheku,0
Bhekumuzi,Bhekumuzi,0
Bhekuzulu,Bhekuzulu,0
Bhutiza,Bhutiza,0
Bianca,Bianca,0
Bianka,Bianka,0
Bie,Bie,0
Biko,Biko,0
Bilaal,Bilaal,0
Bilal,Bilal,0
Bill,Bill,0
Billy,Billy,0
Bilqis,Bilqis,0
Bimalendu,Bimalendu,0
Binaca,Binaca,0
Binita,Binita,0
Binnah,Binnah,0
Biodun,Biodun,0
Biplob,Biplob,0
Bizwell,Bizwell,0
Bjorn,Bjorn,0
Blain,Blain,0
Blaine,Blaine,0
Blanchette,Blanchette,0
Blayne,Blayne,0
Blessed,Blessed,0
Blessing,Blessing,0
Blessmore,Blessmore,0
Bob,Bob,0
Bobbie,Bobbie,0
Bobo,Bobo,0
Bodalina,Bodalina,0
Bogosi,Bogosi,0
Boikanyo,Boikanyo,0
Boipelo,Boipelo,0
Boitshepo,Boitshepo,0
Boitshoko,Boitshoko,0
Boitumelo,Boitumelo,0
Bokamoso,Bokamoso,0
Bokang,Bokang,0
Bolanle,Bolanle,0
Bom,Bom,0
Bonakele,Bonakele,0
Bonako,Bonako,0
Bonaventure,Bonaventure,0
Bonele,Bonele,0
Bonface,Bonface,0
Bonga,Bonga,0
Bongane,Bongane,0
Bongani,Bongani,0
Bongeka,Bongeka,0
Bongekile,Bongekile,0
Bongi,Bongi,0
Bongie,Bongie,0
Bongile,Bongile,0
Bonginkosi,Bonginkosi,0
Bongisile,Bongisile,0
Bongiwe,Bongiwe,0
Bonita,Bonita,0
Bonke,Bonke,0
Bonnie,Bonnie,0
Bonolo,Bonolo,0
Boris,Boris,0
Botes,Botes,0
Botho,Botho,0
Botjeetja,Botjeetja,0
Botlalo,Botlalo,0
Bottie,Bottie,0
Bouwe,Bouwe,0
Boy,Boy,0
Boyens,Boyens,0
Braam,Braam,0
Brad,Brad,0
Bradford,Bradford,0
Bradley,Bradley,0
Bradley George,Bradley George,0
Bradley Malivha,Bradley Malivha,0
Brahm,Brahm,0
Brahman,Brahman,0
Braighton,Braighton,0
Bramwell,Bramwell,0
Branden,Branden,0
Brandon,Brandon,0
Brandon Jonathan,Brandon Jonathan,0
Branigan,Branigan,0
Brantham,Brantham,0
Branus,Branus,0
Brenda,Brenda,0
Brendan,Brendan,0
Brenden,Brenden,0
Brendon,Brendon,0
Brent,Brent,0
Brentley,Brentley,0
Brenton,Brenton,0
Brett,Brett,0
Brett Robert,Brett Robert,0
Brevan,Brevan,0
Brevon,Brevon,0
Breyten,Breyten,0
Brian,Brian,0
Brice,Brice,0
Bridget,Bridget,0
Bridgette,Bridgette,0
Briget,Briget,0
Bright,Bright,0
Brighton,Brighton,0
Brigid,Brigid,0
Brigitte,Brigitte,0
Brink,Brink,0
Brinley,Brinley,0
Britainny,Britainny,0
Briton,Briton,0
Britt,Britt,0
Brittany,Brittany,0
Brolin,Brolin,0
Bronwen,Bronwen,0
Bronwin,Bronwin,0
Bronwyn,Bronwyn,0
Bronwynne,Bronwynne,0
Brownyn,Brownyn,0
Bruce,Bruce,0
Bruckner,Bruckner,0
Bruno,Bruno,0
Brutus,Brutus,0
Bruwer,Bruwer,0
Bryan,Bryan,0
Bryant ,Bryant ,0
Brynn,Brynn,0
Bryton,Bryton,0
Buchi,Buchi,0
Buhle,Buhle,0
Bulelani,Bulelani,0
Bulelwa,Bulelwa,0
Bulenani,Bulenani,0
Bulent,Bulent,0
Bulisani,Bulisani,0
Bunye,Bunye,0
Burt,Burt,0
Bushe,Bushe,0
Bushy,Bushy,0
Busi,Busi,0
Busisiwe,Busisiwe,0
Busisiwe Chombo,Busisiwe Chombo,0
Busiswa,Busiswa,0
Busiswe,Busiswe,0
Buti,Buti,0
Buyani,Buyani,0
Buyie,Buyie,0
Buyisile,Buyisile,0
Buzwe,Buzwe,0
Byron,Byron,0
Cade,Cade,0
Cadey,Cadey,0
Cady,Cady,0
Caesare,Caesare,0
Caiphus,Caiphus,0
Caitlin,Caitlin,0
Cal,Cal,0
Caleb,Caleb,0
Calin,Calin,0
Calli,Calli,0
Callie,Callie,0
Cally,Cally,0
Calum,Calum,0
Calvin,Calvin,0
Camco,Camco,0
Camdon,Camdon,0
Camelia,Camelia,0
Camellia,Camellia,0
Cameron,Cameron,0
Camey,Camey,0
Cami,Cami,0
Camilla,Camilla,0
Campbell,Campbell,0
Camps,Camps,0
Campus,Campus,1
Candace,Candace,0
Candace Wilemina,Candace Wilemina,0
Candi,Candi,0
Candice,Candice,0
Candice-Lee,Candice-Lee,0
Candida,Candida,0
Candis,Candis,0
Canteen,Canteen,0
Capy,Capy,0
Cara,Cara,0
Carel,Carel,0
Caren,Caren,0
Caren-Louise,Caren-Louise,0
Carien,Carien,0
Carika,Carika,0
Carike,Carike,0
Carin,Carin,0
Carina,Carina,0
Carinus,Carinus,0
Carl,Carl,0
Carla,Carla,0
Carleen,Carleen,0
Carleigh,Carleigh,0
Carlin,Carlin,0
Carlo,Carlo,0
Carlos,Carlos,0
Carly,Carly,0
Carlyle,Carlyle,0
Carlyn,Carlyn,0
Carmelita,Carmelita,0
Carmen,Carmen,0
Carol,Carol,0
Carol Ann,Carol Ann,0
Caroline,Caroline,0
Carolyn,Carolyn,0
Caron,Caron,0
Carrie,Carrie,0
Carron,Carron,0
Carsten,Carsten,0
Caryn,Caryn,0
Casey,Casey,0
Casper,Casper,0
Cassandra,Cassandra,0
Cassiem,Cassiem,0
Cassiopia,Cassiopia,0
Castro,Castro,0
Cate,Cate,0
Cathbeth,Cathbeth,0
Catherine,Catherine,0
Cathy,Cathy,0
Cavell,Cavell,0
Cebi,Cebi,0
Cebisile,Cebisile,0
Cecil,Cecil,0
Cecile,Cecile,0
Cecilia,Cecilia,0
Cedric,Cedric,0
Cedrick,Cedrick,0
Cedwin,Cedwin,0
Celeka,Celeka,0
Celeste,Celeste,0
Celia,Celia,0
Celia-Anne,Celia-Anne,0
Celine,Celine,0
Celiwe,Celiwe,0
Celoxis,Celoxis,0
Celso,Celso,0
Celumusa,Celumusa,0
Centia,Centia,0
Cerise,Cerise,0
Cesar,Cesar,0
Cesar Gloire,Cesar Gloire,0
Chad,Chad,0
Chadwick,Chadwick,0
Chaela,Chaela,0
Chaeyne,Chaeyne,0
Chairman,Chairman,0
Chakachaka,Chakachaka,0
Chamaine,Chamaine,0
Chandre,Chandre,0
Chanel,Chanel,0
Chanelle,Chanelle,0
Channel,Channel,0
Chantal,Chantal,0
Chante,Chante,0
Chante',Chante',0
Cornelia,Cornelia,0
Cornelis,Cornelis,0
Cornelius,Cornelius,0
Cornerlius,Cornerlius,0
Corrie,Corrie,0
Cosmos,Cosmos,0
Costa,Costa,0
Courage,Courage,0
Courtney,Courtney,0
Craig,Craig,0
Creasen,Creasen,0
Crescentia,Crescentia,0
Crispen,Crispen,0
Cristan,Cristan,0
Cristin,Cristin,0
Cristina,Cristina,0
Crizelle,Crizelle,0
Cruz,Cruz,0
Crystal,Crystal,0
Cuan,Cuan,0
Cuneyt,Cuneyt,0
Curtis,Curtis,0
CustomerCare,CustomerCare,1
Cwaka,Cwaka,0
Cynthia,Cynthia,0
Cyphrian,Cyphrian,0
Cyril,Cyril,0
Cyrus,Cyrus,0
Cythia,Cythia,0
Daan,Daan,0
Dabea,Dabea,0
Daisey,Daisey,0
Daisy,Daisy,0
Daisy Phindile,Daisy Phindile,0
Dakalo,Dakalo,0
Dale,Dale,0
Daleen,Daleen,0
Dalene,Dalene,0
Dalson,Dalson,0
Dalton,Dalton,0
Daly,Daly,0
Damian,Damian,0
Damien,Damien,0
Damilola,Damilola,0
Dan,Dan,0
Danè,Danè,0
Dane,Dane,0
Danelle,Danelle,0
Danene,Danene,0
Danica,Danica,0
Danie,Danie,0
Daniel,Daniel,0
Daniela,Daniela,0
Daniella,Daniella,0
Danielle,Danielle,0
Danika,Danika,0
Danilo,Danilo,0
Danni,Danni,0
Danny,Danny,0
Danson,Danson,0
Dante,Dante,0
Danyella ,Danyella ,0
Danzel,Danzel,0
Danzelene,Danzelene,0
Daphne,Daphne,0
Daréll,Daréll,0
Darlington,Darlington,0
Daron,Daron,0
Darren,Darren,0
Darron,Darron,0
Darryl,Darryl,0
Darryn,Darryn,0
Darwin,Darwin,0
Daryn,Daryn,0
Datlin,Datlin,0
Dave,Dave,0
Daveshan,Daveshan,0
David,David,0
Davies,Davies,0
Davis,Davis,0
Davison,Davison,0
Davnish,Davnish,0
Davyn,Davyn,0
Dawid,Dawid,0
Dawie,Dawie,0
Dawn,Dawn,0
Dawon-Lee,Dawon-Lee,0
Dawood,Dawood,0
Daya,Daya,0
Dayalan,Dayalan,0
Dayle,Dayle,0
Dayne,Dayne,0
DDgroup,DDgroup,1
De,De,0
De Villiers,De Villiers,0
De Wet,De Wet,0
Dean,Dean,0
Deanno,Deanno,0
Debbie,Debbie,0
Debbra,Debbra,0
Deborah,Deborah,0
Debra,Debra,0
Decent,Decent,0
Declan,Declan,0
Dee,Dee,0
Deelan,Deelan,0
Deena,Deena,0
Deenisha,Deenisha,0
Deepak,Deepak,0
Deepu,Deepu,0
Deeran,Deeran,0
Deidre,Deidre,0
Deirdre,Deirdre,0
Deisgan,Deisgan,0
Dejeandre,Dejeandre,0
Dela,Dela,0
Delaine,Delaine,0
Delcio,Delcio,0
Delene,Delene,0
Delia,Delia,0
Deliah,Deliah,0
Delicia,Delicia,0
Deliksha,Deliksha,0
Delisile,Delisile,0
Dell,Dell,1
Delochnie,Delochnie,0
Delon,Delon,0
Demetrius,Demetrius,0
Deni,Deni,0
Denis,Denis,0
Denise,Denise,0
Denishnee,Denishnee,0
Denita,Denita,0
Deniz,Deniz,0
Dennie,Dennie,0
Dennis,Dennis,0
Denver,Denver,0
Denzel,Denzel,0
Denzil,Denzil,0
Deon,Deon,0
Dereje,Dereje,0
Derek,Derek,0
Derek John,Derek John,0
Deren,Deren,0
Derick,Derick,0
Derik,Derik,0
Derrick,Derrick,0
Dersigan,Dersigan,0
Dervin,Dervin,0
Dervla,Dervla,0
Des,Des,0
Desanya,Desanya,0
Descent,Descent,0
Desh,Desh,0
Desi,Desi,0
Desigan,Desigan,0
Desire,Desire,0
Desiree,Desiree,0
Desiree Butcher,Desiree Butcher,0
Desmond,Desmond,0
Destiny,Destiny,0
Devan,Devan,0
Devarez,Devarez,0
Devendra,Devendra,0
Deverone,Deverone,0
Deveroux,Deveroux,0
Devi,Devi,0
Deviaka,Deviaka,0
Devin,Devin,0
Devina,Devina,0
Devlin,Devlin,0
Devon,Devon,0
Devron,Devron,0
Devshen,Devshen,0
Dewald,Dewald,0
Dhamika,Dhamika,0
Dharmendra,Dharmendra,0
Dharmkrit,Dharmkrit,0
Dharshan,Dharshan,0
Dheeraj,Dheeraj,0
Dheeren,Dheeren,0
Dhiraj,Dhiraj,0
Dhiren,Dhiren,0
Diana,Diana,0
Diane,Diane,0
Dichaba,Dichaba,0
Dichohla,Dichohla,0
Dick,Dick,0
Dicky,Dicky,0
Dido,Dido,0
Dieketseng,Dieketseng,0
Dieter,Dieter,0
Dietjie,Dietjie,0
Dif,Dif,0
Digree,Digree,0
Dijeng,Dijeng,0
Dikeledi,Dikeledi,0
Diketso,Diketso,0
Dikgale,Dikgale,0
Dikgetho,Dikgetho,0
Dikopola,Dikopola,0
Dillon,Dillon,0
Dimakatso,Dimakatso,0
DimensionData,DimensionData,1
Dimitri,Dimitri,0
Dina-Celestee,Dina-Celestee,0
Dinah,Dinah,0
Dineo,Dineo,0
Dinesh,Dinesh,0
Dino,Dino,0
Dino Josh,Dino Josh,0
Dion,Dion,0
Dione Jayd,Dione Jayd,0
Dionisio,Dionisio,0
Dionne,Dionne,0
Dipak,Dipak,0
Diphetogo,Diphetogo,0
Dipti,Dipti,0
Dipuo,Dipuo,0
Dirk,Dirk,0
Dirkie,Dirkie,0
Disang,Disang,0
Ditebogo,Ditebogo,0
Ditiro,Ditiro,0
Div,Div,0
Divan,Divan,0
Divine Asset,Divine Asset,1
Divya,Divya,0
DK,DK,0
Dlongolo,Dlongolo,0
Doane,Doane,0
Doctor,Doctor,0
Dolf,Dolf,0
Dolores,Dolores,0
Domingos,Domingos,0
Dominic,Dominic,0
Dominique,Dominique,0
Domonique,Domonique,0
Don,Don,0
Donald,Donald,0
Donavan,Donavan,0
Dondeguy,Dondeguy,0
Donna,Donna,0
Donnalea,Donnalea,0
Donne,Donne,0
Donovan,Donovan,0
Doors,Doors,0
Dorah,Dorah,0
Doran,Doran,0
Dorcas,Dorcas,0
Doreen,Doreen,0
Dorian,Dorian,0
Dorianne,Dorianne,0
Doris,Doris,0
Dorothy,Dorothy,0
Doudley,Doudley,0
Doudou,Doudou,0
Doug,Doug,0
Douglas,Douglas,0
Douw,Douw,0
DOW,DOW,1
Dozolo,Dozolo,0
Draton,Draton,0
Drew,Drew,0
Drew-Lynn,Drew-Lynn,0
Dries,Dries,0
Duaij,Duaij,0
Duan,Duan,0
Duane,Duane,0
Dudley,Dudley,0
Duds,Duds,0
Dudu,Dudu,0
Duduetsang,Duduetsang,0
Duke,Duke,0
Dumaza,Dumaza,0
Dumazile,Dumazile,0
Dumi,Dumi,0
Dumisan,Dumisan,0
Dumisane,Dumisane,0
Dumisani,Dumisani,0
Dumisiwe,Dumisiwe,0
Dumsile,Dumsile,0
Duncan,Duncan,0
Duran,Duran,0
Durran,Durran,0
Dushyanth,Dushyanth,0
Dustin,Dustin,0
Duwayne,Duwayne,0
Dyan,Dyan,0
Dylan,Dylan,0
Dylian,Dylian,0
Ean,Ean,0
Earl,Earl,0
EB,EB,0
Eben,Eben,0
Ebonku,Ebonku,0
Ebrahiem,Ebrahiem,0
Ebrahim,Ebrahim,0
Ed,Ed,0
Eddie,Eddie,0
Eddy,Eddy,0
Edel,Edel,0
Edem,Edem,0
Edgar,Edgar,0
Edi,Edi,0
Edison,Edison,0
Edith,Edith,0
Edna,Edna,0
Ednah,Ednah,0
Ednelson,Ednelson,0
Ed'Rees,Ed'Rees,0
Edson,Edson,0
Eduan,Eduan,0
Eduann,Eduann,0
Eduard,Eduard,0
Eduardo,Eduardo,0
Edward,Edward,0
Edwell,Edwell,0
Edwin,Edwin,0
Edyta,Edyta,0
Edzani,Edzani,0
Effy,Effy,0
Egi,Egi,0
Egidio,Egidio,0
Egner,Egner,0
Eileen,Eileen,0
Eizabeth,Eizabeth,0
Ekemini,Ekemini,0
Ekeraam,Ekeraam,0
Ekow,Ekow,0
Ekow Nyame,Ekow Nyame,0
El Feddoul,El Feddoul,0
Elaine,Elaine,0
Elamah,Elamah,0
Elandre,Elandre,0
Elanie,Elanie,0
Elceno Charlton,Elceno Charlton,0
Eldio,Eldio,0
Eldon,Eldon,0
Eldred,Eldred,0
Eldrid,Eldrid,0
Eldrige,Eldrige,0
Eleanor,Eleanor,0
Electine,Electine,0
Elelwani,Elelwani,0
Eleni,Eleni,0
Eleuterio,Eleuterio,0
Elewani,Elewani,0
Elexsy,Elexsy,0
Elf,Elf,0
Elga,Elga,0
Eliance,Eliance,0
Elias,Elias,0
Elicia,Elicia,0
Elijah,Elijah,0
Elikplim,Elikplim,0
Elikulwayo,Elikulwayo,0
Elinah,Elinah,0
Elio,Elio,0
Elisa,Elisa,0
Elise,Elise,0
Elishia,Elishia,0
Elisse,Elisse,0
Elisse Ilunga,Elisse Ilunga,0
Elizabeth,Elizabeth,0
Elize,Elize,0
Elizma,Elizma,0
Ellah,Ellah,0
Ellen,Ellen,0
Ellie,Ellie,0
Elliot,Elliot,0
Ellouise,Ellouise,0
Elma,Elma,0
Elmar,Elmar,0
Elmare,Elmare,0
Elmarie,Elmarie,0
Elme,Elme,0
Elmie,Elmie,0
Elna,Elna,0
Elne,Elne,0
Eloise,Eloise,0
Elreece,Elreece,0
Elrico,Elrico,0
Elroy,Elroy,0
Elsa,Elsa,0
Elsabe,Elsabe,0
Elsie,Elsie,0
Elton,Elton,0
Elvis,Elvis,0
Elxzente,Elxzente,0
Elzabie,Elzabie,0
Elzahn,Elzahn,0
Elzien,Elzien,0
Embrenchia,Embrenchia,0
Emelia,Emelia,0
Emeran,Emeran,0
Emerson,Emerson,0
Emile,Emile,0
Emily,Emily,0
Emma,Emma,0
Emma-Louise,Emma-Louise,0
Emmanuel,Emmanuel,0
Emmanuel Paul,Emmanuel Paul,0
Emmanuelle,Emmanuelle,0
Emmeline,Emmeline,0
Emmon,Emmon,0
Endre,Endre,0
Engela,Engela,0
Enid,Enid,0
Ennocent,Ennocent,0
Enock,Enock,0
Enrico,Enrico,0
Enrique,Enrique,0
Enzio,Enzio,0
Ephantus,Ephantus,0
Ephraim,Ephraim,0
Ephriam,Ephriam,0
Eqraam,Eqraam,0
Erasmia,Erasmia,0
Erfaan,Erfaan,0
Eric,Eric,0
Erica,Erica,0
Erich,Erich,0
Erick,Erick,0
Erik,Erik,0
Erika,Erika,0
Erin,Erin,0
Erna,Erna,0
Ernest,Ernest,0
Ernestina,Ernestina,0
Ernestine,Ernestine,0
Ernst,Ernst,0
Errol,Errol,0
Errors,Errors,0
Erwee,Erwee,0
Erwin,Erwin,0
Esaias,Esaias,0
Esau,Esau,0
Eseoghene,Eseoghene,0
Eshwaree,Eshwaree,0
Esias,Esias,0
Esmari,Esmari,0
Es-Marie,Es-Marie,0
Esra,Esra,0
Essential Skin ,Essential Skin ,0
Estaschia,Estaschia,0
Este,Este,0
Estee,Estee,0
Estelle,Estelle,0
Ester,Ester,0
Esther,Esther,0
Esti,Esti,0
Estian,Estian,0
Eston,Eston,0
Eteboheng,Eteboheng,0
Ethni,Ethni,0
Etienne,Etienne,0
Etornam,Etornam,0
Etricia,Etricia,0
Ettiene,Ettiene,0
Ettienne,Ettienne,0
Euan,Euan,0
Eugene,Eugene,0
Eugenia,Eugenia,0
Eugenio,Eugenio,0
Eugine,Eugine,0
Euginia,Euginia,0
Eula,Eula,0
Euniah,Euniah,0
Eunice,Eunice,0
Euphemia,Euphemia,0
Eustásio,Eustásio,0
Euwen,Euwen,0
Eva,Eva,0
Evan,Evan,0
Evans,Evans,0
Evanthia,Evanthia,0
Evasen,Evasen,0
Eve,Eve,0
Evelyn,Evelyn,0
Everlina,Everlina,0
Evette,Evette,0
Evodia,Evodia,0
Evonne,Evonne,0
Evryll,Evryll,0
Ewald,Ewald,0
Ewod,Ewod,0
Excellent,Excellent,0
ExpandIT,ExpandIT,1
Experi,Experi,1
Expression,Expression,1
EXT1,EXT1,1
EXT3,EXT3,1
Eyinsa,Eyinsa,0
Eyram,Eyram,0
Ezekiel,Ezekiel,0
Faaida,Faaida,0
Faaiek,Faaiek,0
Faaiq,Faaiq,0
Fabi,Fabi,0
Fabian,Fabian,0
Fabio,Fabio,0
Fabrice,Fabrice,0
Fabrizio,Fabrizio,0
Facilities,Facilities,1
Fadi,Fadi,0
Fadiela,Fadiela,0
Fadil,Fadil,0
Fadwah,Fadwah,0
Faeek,Faeek,0
Faghri,Faghri,0
Fagmeeda,Fagmeeda,0
Fagry,Fagry,0
Faheed,Faheed,0
Faheem,Faheem,0
Fahida,Fahida,0
Fahim,Fahim,0
Fahmida,Fahmida,0
Fahmy,Fahmy,0
Fahriyal,Fahriyal,0
Faissal,Faissal,0
Faith,Faith,0
Faiz,Faiz,0
Faiza,Faiza,0
Faizel,Faizel,0
Faizul,Faizul,0
Fajeriya,Fajeriya,0
Falcon,Falcon,0
Faldielah,Faldielah,0
Falithejwa,Falithejwa,0
Fanie,Fanie,0
Fannie,Fannie,0
Fanyana,Fanyana,0
Faqeer,Faqeer,0
Faraad,Faraad,0
Farah,Farah,0
Farahnaaz,Farahnaaz,0
Farai,Farai,0
Farana,Farana,0
Faranaaz,Faranaaz,0
Faraz,Faraz,0
Fardeel,Fardeel,0
Fareez,Fareez,0
Farhaad,Farhaad,0
Farhaan,Farhaan,0
Farhan,Farhan,0
Farhana,Farhana,0
Farida,Farida,0
Faried,Faried,0
Farieda,Farieda,0
Farouk,Farouk,0
Farriah,Farriah,0
Farzaana,Farzaana,0
Farzana,Farzana,0
Farzanah,Farzanah,0
Fasigh,Fasigh,0
Fathia,Fathia,0
Fathima,Fathima,0
Fatima,Fatima,0
Fatma,Fatma,0
Fatuma,Fatuma,0
Faure,Faure,0
Faustino,Faustino,0
Fay,Fay,0
Fayadh,Fayadh,0
Fazeedah,Fazeedah,0
Fazel,Fazel,0
Faziela,Faziela,0
Fazilah,Fazilah,0
Fazlin,Fazlin,0
Feiruz,Feiruz,0
Feisal,Feisal,0
Felecia,Felecia,0
Felicia,Felicia,0
Felicitate,Felicitate,0
Felicity,Felicity,0
Felin,Felin,0
Felix,Felix,0
Femi,Femi,0
Ferando,Ferando,0
Ferdie,Ferdie,0
Ferdinand,Ferdinand,0
Ferdy,Ferdy,0
Fergus,Fergus,0
Fernandez,Fernandez,0
Fernando,Fernando,0
FESTUS,FESTUS,0
Fezile,Fezile,0
Fhatuwani,Fhatuwani,0
Fhumulani,Fhumulani,0
Fidel,Fidel,0
Fidelis,Fidelis,0
Fikile,Fikile,0
Filip,Filip,0
Filipe,Filipe,0
Finnety,Finnety,0
Fiona,Fiona,0
Firi,Firi,0
Fish,Fish,0
Fisiwe,Fisiwe,0
Fixed,Fixed,0
Flavian Night,Flavian Night,0
Flip,Flip,0
Flora,Flora,0
Florah,Florah,0
Florence,Florence,0
Floyd,Floyd,0
Force,Force,0
Forest,Forest,0
Fort,Fort,0
Fortunate,Fortunate,0
Fortune,Fortune,0
forum,forum,0
Fozia,Fozia,0
France,France,0
Frances,Frances,0
Francesca,Francesca,0
Francette,Francette,0
Francinah,Francinah,0
Francis,Francis,0
Francisca,Francisca,0
Franciso,Franciso,0
Franco,Franco,0
Francois,Francois,0
Francoise,Francoise,0
Frank,Frank,0
Frankie,Frankie,0
Franklin,Franklin,0
Frankline,Frankline,0
Franklyn,Franklyn,0
Frans,Frans,0
Franscois,Franscois,0
Fred,Fred,0
Freda,Freda,0
Freddie,Freddie,0
Freddy,Freddy,0
Frederick,Frederick,0
Fredrick,Fredrick,0
Freek,Freek,0
Fridah,Fridah,0
Frieda,Frieda,0
Friedrich,Friedrich,0
Frik,Frik,0
Frikkie,Frikkie,0
Frits,Frits,0
Fulu,Fulu,0
Fumani,Fumani,0
Fundile,Fundile,0
Fundiswa,Fundiswa,0
Funi,Funi,0
Funo,Funo,0
Fusi,Fusi,0
Fyne,Fyne,0
Gabi,Gabi,0
Gabieba,Gabieba,0
Gabriel,Gabriel,0
Gabril,Gabril,0
Gad,Gad,0
Gadi,Gadi,0
Gadija,Gadija,0
Gaelle,Gaelle,0
Gail,Gail,0
Gailie,Gailie,0
Gakii,Gakii,0
Galiema,Galiema,0
Gamiet,Gamiet,0
Ganesh,Ganesh,0
GAP,GAP,1
Garen,Garen,0
Gareth,Gareth,0
Garrick,Garrick,0
Garron,Garron,0
Garry,Garry,0
Garth,Garth,0
Gary,Gary,0
Gary Neil,Gary Neil,0
Gary Newton,Gary Newton,0
Gasant,Gasant,0
Gashwin,Gashwin,0
Gaven,Gaven,0
Gavillin,Gavillin,0
Gavin,Gavin,0
Gawie,Gawie,0
Gayle,Gayle,0
Gaylene,Gaylene,0
Gaylyn,Gaylyn,0
Gazelle,Gazelle,0
Gcina,Gcina,0
Gcobisa,Gcobisa,0
Geetha,Geetha,0
Geeva,Geeva,0
Geffrey,Geffrey,0
Gehard,Gehard,0
Gen,Gen,0
Gene,Gene,0
Geneva,Geneva,0
Geneve,Geneve,0
Genevieve,Genevieve,0
Genius,Genius,0
Genni,Genni,0
Genoveva,Genoveva,0
Geoff,Geoff,0
Geoffrey,Geoffrey,0
Geordie,Geordie,0
Georg,Georg,0
George,George,0
Georgia,Georgia,0
Georgiana,Georgiana,0
Georgie,Georgie,0
Georgina,Georgina,0
Gerald,Gerald,0
Geraldine,Geraldine,0
Geraldo,Geraldo,0
Gerard,Gerard,0
Gerda,Gerda,0
Gerhard,Gerhard,0
Germaine,Germaine,0
Germina,Germina,0
Gerophine,Gerophine,0
Gerrie,Gerrie,0
Gerrit,Gerrit,0
Gershon,Gershon,0
Gerson,Gerson,0
Gert,Gert,0
Gertrude,Gertrude,0
Getrude,Getrude,0
Gevin,Gevin,0
Geyo,Geyo,0
Ghadeeja,Ghadeeja,0
Ghalieb,Ghalieb,0
Ghayria,Ghayria,0
Gi-Anthea,Gi-Anthea,0
GID,GID,1
Gideon,Gideon,0
Giel,Giel,0
Gift,Gift,0
Gilbert,Gilbert,0
Gilberto,Gilberto,0
Gillian,Gillian,0
Giovanna,Giovanna,0
Giovanni,Giovanni,0
Girshon,Girshon,0
Gisela,Gisela,0
Giselle,Giselle,0
Given,Given,0
Givyne,Givyne,0
Glad,Glad,0
Glad Lalisa,Glad Lalisa,0
Gladman,Gladman,0
Gladwin,Gladwin,0
Gladys,Gladys,0
Glen,Glen,0
Glenda,Glenda,0
Glenn,Glenn,0
Global,Global,0
Gloria,Gloria,0
Glynis,Glynis,0
Glynn,Glynn,0
Glynnis,Glynnis,0
Goddy,Goddy,0
Godffrey,Godffrey,0
Godfrey,Godfrey,0
Godfrey Molepo,Godfrey Molepo,0
Godisang,Godisang,0
Godlief,Godlief,0
Godlip,Godlip,0
Godseeds,Godseeds,0
Godwin,Godwin,0
Gofaone,Gofaone,0
Goitsemang,Goitsemang,0
Gomes,Gomes,0
Gomolemo,Gomolemo,0
Gomotsegang,Gomotsegang,0
Jhan,Jhan,0
Jibrin,Jibrin,0
Jide,Jide,0
Jiehaan,Jiehaan,0
Jill,Jill,0
Jillian,Jillian,0
Jim,Jim,0
Jimama,Jimama,0
Jimi,Jimi,0
Jimmie,Jimmie,0
Jimmy,Jimmy,0
Jinoy,Jinoy,0
Jireh,Jireh,0
Jiten,Jiten,0
Jizelle,Jizelle,0
JJ,JJ,1
Jo,Jo,1
Joacquin,Joacquin,0
Joakim,Joakim,0
Joan,Joan,0
Joanah,Joanah,0
Joandra,Joandra,0
Joanne,Joanne,0
Jo-Anne,Jo-Anne,0
Joao,Joao,0
Joaph,Joaph,0
Joaquim,Joaquim,0
Joash,Joash,0
Jo'ash,Jo'ash,0
Job,Job,0
Jobe,Jobe,0
Joberto,Joberto,0
Joca,Joca,0
Jocelynn,Jocelynn,0
Jock,Jock,0
Jodene,Jodene,0
Jodi,Jodi,0
Jody,Jody,0
Joe,Joe,0
Joel,Joel,0
Joey,Joey,0
Johan,Johan,0
Johan P,Johan P,0
Johanita,Johanita,0
Johann,Johann,0
Johanna,Johanna,0
Johannes,Johannes,0
Johannes Christo,Johannes Christo,0
Johanni,Johanni,0
Johlene,Johlene,0
John,John,0
John Arthur,John Arthur,0
Johnathan,Johnathan,0
Johnnie,Johnnie,0
Johnny,Johnny,0
John-Paul,John-Paul,0
Johnson,Johnson,0
Johny,Johny,0
Jolani,Jolani,0
Joleen,Joleen,0
Jolene,Jolene,0
Jo-Maree,Jo-Maree,0
Jomo,Jomo,0
Jon,Jon,0
Jonae,Jonae,0
Jonah,Jonah,0
Jonas,Jonas,0
Jonathan,Jonathan,0
Jones,Jones,0
Jonica,Jonica,0
Jonty,Jonty,0
Jordaan,Jordaan,0
Jordan,Jordan,0
Jorge,Jorge,0
Jose,Jose,0
Joseph,Joseph,0
Josephat,Josephat,0
Josephine,Josephine,0
Josh,Josh,0
Joshi,Joshi,0
Joshua,Joshua,0
Josiah,Josiah,0
Josua,Josua,0
Jotam,Jotam,0
Jouline,Jouline,0
Jovis,Jovis,0
Joy,Joy,0
Joy-Anne,Joy-Anne,0
Joyce,Joyce,0
JP,JP,0
Juan,Juan,0
Juandre,Juandre,0
Juanette,Juanette,0
Juanike,Juanike,0
Juanita,Juanita,0
Juan-Pierre,Juan-Pierre,0
Juda,Juda,0
Judith,Judith,0
Judy,Judy,0
Jui,Jui,0
Juli,Juli,0
Julia,Julia,0
Julian,Julian,0
Julian Lindi,Julian Lindi,0
Juliana,Juliana,0
Julie,Julie,0
Julien,Julien,0
Juliet,Juliet,0
Julius,Julius,0
Jumarley,Jumarley,0
Junade,Junade,0
Junaid,Junaid,0
June,June,0
Juneid,Juneid,0
Juniad,Juniad,0
Junien,Junien,0
Junior,Junior,0
Junus ,Junus ,0
Jurant,Jurant,0
Jurgen,Jurgen,0
Jurgens,Jurgens,0
Jurie,Jurie,0
Justice,Justice,0
Justin,Justin,0
Justine,Justine,0
Justo,Justo,0
Justus,Justus,0
JV,JV,0
JW,JW,0
Jyoti,Jyoti,0
Jzel,Jzel,0
Kaashifa,Kaashifa,0
Kaashifah,Kaashifah,0
Kabelo,Kabelo,0
Kabir,Kabir,0
Kagiso,Kagiso,0
Kait,Kait,0
Kaizer,Kaizer,0
Kalane,Kalane,0
Kallie,Kallie,0
Kalvin,Kalvin,0
Kalyan,Kalyan,0
Kamal,Kamal,0
Kamalan,Kamalan,0
Kami,Kami,0
Kamla,Kamla,0
Kamo,Kamo,0
Kamogelo,Kamogelo,0
Kamohele,Kamohele,0
Kamohelo,Kamohelo,0
Kananelo,Kananelo,0
Kandhan,Kandhan,0
Kandy,Kandy,0
Kanego,Kanego,0
Kanyisa,Kanyisa,0
Karabo,Karabo,0
Karani,Karani,0
Kareema,Kareema,0
Karen,Karen,0
Karen Hill,Karen Hill,0
Karien,Karien,0
Karimi,Karimi,0
Karin,Karin,0
Karine,Karine,0
Karl,Karl,0
Karla,Karla,0
Karthi,Karthi,0
Karusha,Karusha,0
Karven,Karven,0
Kasagen,Kasagen,0
Kasavan,Kasavan,0
Kashiefa,Kashiefa,0
Kaslin,Kaslin,0
Kasmeer,Kasmeer,0
Kassim,Kassim,0
Kasy,Kasy,0
Kat,Kat,0
Kate,Kate,0
Kathija,Kathija,0
Kathleen,Kathleen,0
Kathy,Kathy,0
Katlego,Katlego,0
Katleho,Katleho,0
Katrina,Katrina,0
Katrine,Katrine,0
Kauthar,Kauthar,0
Kaveer,Kaveer,0
Kavir,Kavir,0
Kavith,Kavith,0
Kay,Kay,0
Kay - Lyn,Kay - Lyn,0
Kaya,Kaya,0
Kayla,Kayla,0
Kaylen,Kaylen,0
Kaylin,Kaylin,0
Kayode,Kayode,0
Kayren,Kayren,0
KE Nairobi,KE Nairobi,0
Kea,Kea,0
Keabetsoe,Keabetsoe,0
Keagan,Keagan,0
Keagen,Keagen,0
Keagen Van Sensie,Keagen Van Sensie,0
Kealeboga,Kealeboga,0
Keamogetse,Keamogetse,0
Keamogetswe,Keamogetswe,0
Kean,Kean,0
Keanan,Keanan,0
Keanen,Keanen,0
Keao,Keao,0
Kebonang,Kebonang,0
Kebone,Kebone,0
Kedibone,Kedibone,0
Keegan,Keegan,0
Keelan,Keelan,0
Keenan,Keenan,0
Keeran,Keeran,0
Kefilwe,Kefilwe,0
Kefuoe,Kefuoe,0
Kehinde,Kehinde,0
Keigan,Keigan,0
Keith,Keith,0
Keitumetse,Keitumetse,0
Keketso,Keketso,0
Kelby,Kelby,0
Kelcy,Kelcy,0
Kele,Kele,0
Kelebogile,Kelebogile,0
Kelebohile,Kelebohile,0
Kelechi,Kelechi,0
Kelello,Kelello,0
Keletso,Keletso,0
Kelly,Kelly,0
Kelvin,Kelvin,0
Kempen,Kempen,0
Ken,Ken,0
Kenalemang,Kenalemang,0
Keneiloe,Keneiloe,0
Keneilwe,Keneilwe,0
Keneilwe Rose,Keneilwe Rose,0
Keneioe,Keneioe,0
Keneth,Keneth,0
Kennedy,Kennedy,0
Kennedy Muoki,Kennedy Muoki,0
Kenneth,Kenneth,0
Kenney,Kenney,0
Kenny,Kenny,0
Kenosi,Kenosi,0
Kensley,Kensley,0
Kent,Kent,0
Keorapetse,Keorapetse,0
Kerapetse,Kerapetse,0
Keratilwe,Keratilwe,0
Kerri,Kerri,0
Kerry,Kerry,0
Kerry-Lee,Kerry-Lee,0
Kerryn,Kerryn,0
Kersan,Kersan,0
Kervin,Kervin,0
Keshan,Keshan,0
Keshnee,Keshnee,0
Keshri,Keshri,0
Ketan,Ketan,0
Ketty,Ketty,0
Kevin,Kevin,0
Kgabo,Kgabo,0
Kgadime,Kgadime,0
Kgali,Kgali,0
Kgaogelo,Kgaogelo,0
Kgaugelo,Kgaugelo,0
Kgomotsego,Kgomotsego,0
Kgomotso,Kgomotso,0
Kgosi,Kgosi,0
Kgosietsile,Kgosietsile,0
Kgothatso,Kgothatso,0
Kgotso,Kgotso,0
Kgwadi,Kgwadi,0
Kgwagelo,Kgwagelo,0
Khabo,Khabo,0
Khaile,Khaile,0
Khangwelo,Khangwelo,0
Khanya,Khanya,0
Khanyani,Khanyani,0
Khanyelihe,Khanyelihe,0
Khanyelihle,Khanyelihle,0
Khanyi,Khanyi,0
Khanyile,Khanyile,0
Khanyisa,Khanyisa,0
Khanyisile,Khanyisile,0
Khanyiswa,Khanyiswa,0
Khathu,Khathu,0
Khathutshelo,Khathutshelo,0
Khatija,Khatija,0
Khayakazi,Khayakazi,0
Khayalethu,Khayalethu,0
Khayelihlie,Khayelihlie,0
Khensani,Khensani,0
Khesia,Khesia,0
Khetha,Khetha,0
Khojane,Khojane,0
Kholeka,Kholeka,0
Kholekile,Kholekile,0
Kholofelo,Kholofelo,0
Kholosa,Kholosa,0
Khomotso,Khomotso,0
Khosi,Khosi,0
Khubaib,Khubaib,0
Khulekani,Khulekani,0
Khulile,Khulile,0
Khuliso,Khuliso,0
Khumeleni,Khumeleni,0
Khumo,Khumo,0
Khuselwa,Khuselwa,0
Khuthadzo,Khuthadzo,0
Khutsho,Khutsho,0
Khutso,Khutso,0
Khwezi,Khwezi,0
Khyle,Khyle,0
Kieran,Kieran,0
Kieyam,Kieyam,0
Kiki,Kiki,0
Kim,Kim,0
Kimathi,Kimathi,0
Kimera,Kimera,0
Kimeshen,Kimeshen,0
Kimirie,Kimirie,0
Kimisha,Kimisha,0
Kimon,Kimon,0
Kingsley,Kingsley,0
Kinyanjui Kenneth,Kinyanjui Kenneth,0
Kinzaara,Kinzaara,0
Kippen,Kippen,0
Kiran,Kiran,0
Kirby,Kirby,0
Kiron,Kiron,0
Kirscwin,Kirscwin,0
Kirstee,Kirstee,0
Kirsten,Kirsten,0
Kirstin,Kirstin,0
Kirsty,Kirsty,0
Kirti,Kirti,0
Kirwan,Kirwan,0
Kisinde,Kisinde,0
Kitinita,Kitinita,0
Kitso,Kitso,0
Kitty,Kitty,0
KK,KK,0
Klemmi,Klemmi,0
Knakkie,Knakkie,0
Knox,Knox,0
Koathar,Koathar,0
Kobus,Kobus,0
Koena,Koena,0
Koji,Koji,0
Koketso,Koketso,0
Koko,Koko,0
Kola,Kola,0
Kome,Kome,0
Konanani,Konanani,0
Kone,Kone,0
Konosuke,Konosuke,0
Koos,Koos,0
Kopano,Kopano,0
Kopembum,Kopembum,0
Kornel,Kornel,0
Kosie,Kosie,0
Kotie,Kotie,0
Kovelin,Kovelin,0
Kowus,Kowus,0
Kreneshin,Kreneshin,0
Kresen,Kresen,0
Kreshen,Kreshen,0
Kreyan,Kreyan,0
Krian,Krian,0
Kriben,Kriben,0
Kris,Kris,0
Krisentha,Krisentha,0
Krishin,Krishin,0
Krishnam,Krishnam,0
Krissy,Krissy,0
Kristal,Kristal,0
Kristel,Kristel,0
Kristen,Kristen,0
Kristi,Kristi,0
Kristian,Kristian,0
Kru,Kru,0
Krugan,Krugan,0
Krushan,Krushan,0
Kubai,Kubai,0
Kuban,Kuban,0
Kubashen,Kubashen,0
Kuben,Kuben,0
Kubeshan,Kubeshan,0
Kubeshni,Kubeshni,0
Kuda,Kuda,0
Kuhelika,Kuhelika,0
Kulani,Kulani,0
Kumar,Kumar,0
Kumaran,Kumaran,0
Kumeshni,Kumeshni,0
Kumi,Kumi,0
Kunal,Kunal,0
Kunzang,Kunzang,0
Kurlos,Kurlos,0
Kurt,Kurt,0
Kuvashni,Kuvashni,0
Kuvera,Kuvera,0
Kwabena,Kwabena,0
Kwanda,Kwanda,0
Kwandile,Kwandile,0
Kwanele,Kwanele,0
Kwena,Kwena,0
Kwezi,Kwezi,0
Kyalo,Kyalo,0
Kyle,Kyle,0
Kyler,Kyler,0
Kylie,Kylie,0
Kylin,Kylin,0
Kym,Kym,0
KZ,KZ,0
Laaiqah,Laaiqah,0
Laban,Laban,0
Lady,Lady,0
Laeeqah,Laeeqah,0
Laetitia,Laetitia,0
Laila,Laila,0
Lailah,Lailah,0
Lakshmi,Lakshmi,0
Lalisha,Lalisha,0
Lame,Lame,0
Lammie,Lammie,0
Lana,Lana,0
Lance,Lance,0
Lancelot,Lancelot,0
Langa,Langa,0
Langanani,Langanani,0
Langelihle,Langelihle,0
Langutani,Langutani,0
Lanie,Lanie,0
Lantzy,Lantzy,0
Lara,Lara,0
Lardus,Lardus,0
Lario,Lario,0
Larissa,Larissa,0
Larry,Larry,0
Lars,Lars,0
Lashania,Lashania,0
Lasie,Lasie,0
Lastre,Lastre,0
Laszlo,Laszlo,0
Latanya,Latanya,0
Lathiswa,Lathiswa,0
Lati,Lati,0
Latimore,Latimore,0
Laudec,Laudec,0
Laura,Laura,0
Laura-Ann,Laura-Ann,0
Laurah,Laurah,0
Laurel,Laurel,0
Lauren,Lauren,0
Laurence,Laurence,0
Laurence José,Laurence José,0
Lauren-Lee,Lauren-Lee,0
Laurent,Laurent,0
Lauriaan,Lauriaan,0
Laurie,Laurie,0
Lavendren,Lavendren,0
Lavinia,Lavinia,0
Lavona,Lavona,0
Lawrance,Lawrance,0
Lawrence,Lawrence,0
Lazola,Lazola,0
ldap,ldap,0
Le Roi,Le Roi,0
le Roux ,le Roux ,0
Leah,Leah,0
Leahanti,Leahanti,0
Leana,Leana,0
Leander,Leander,0
Leandra,Leandra,0
Leandri,Leandri,0
Leani,Leani,0
Leanne,Leanne,0
Leareil,Leareil,0
Learnmore,Learnmore,0
Lebalang,Lebalang,0
Lebo,Lebo,0
Lebogang,Lebogang,0
Lebohang,Lebohang,0
Lebone,Lebone,0
Leche,Leche,0
Lee,Lee,0
Leeaine,Leeaine,0
LeeAnn,LeeAnn,0
Lee-Ann,Lee-Ann,0
Leemiso,Leemiso,0
Leesa,Leesa,0
Lefa,Lefa,0
Lefentse,Lefentse,0
Lefkia,Lefkia,0
Legae,Legae,0
Lehlogonolo,Lehlogonolo,0
Lehlohoholo,Lehlohoholo,0
Lehlohonolo,Lehlohonolo,0
Leigh,Leigh,0
Leigh-Ann,Leigh-Ann,0
Leighton,Leighton,0
Le-Jean,Le-Jean,0
Lekelo,Lekelo,0
Lekgale,Lekgale,0
Lelani,Lelani,0
Lele,Lele,0
Lelethu,Lelethu,0
Leleti,Leleti,0
Lemmy ,Lemmy ,0
Lemont,Lemont,0
Len,Len,0
Lena,Lena,0
Lenaneo,Lenaneo,0
Lendl,Lendl,0
Lenet,Lenet,0
Lenique,Lenique,0
Lennin,Lennin,0
Lennox,Lennox,0
Lenny,Lenny,0
Lentsoe,Lentsoe,0
Lenz,Lenz,0
Leo,Leo,0
Leon,Leon,0
Leonah,Leonah,0
Leonard,Leonard,0
Leone,Leone,0
Leoni,Leoni,0
Leonie,Leonie,0
Leony,Leony,0
Leornard,Leornard,0
leotha,leotha,0
Lerato,Lerato,0
Lereko,Lereko,0
Lericia,Lericia,0
Leroy,Leroy,0
Lerrina,Lerrina,0
Lerusha,Lerusha,0
Les,Les,0
Lesedi,Lesedi,0
Lesego,Lesego,0
Lesetsa,Lesetsa,0
Lesiba,Lesiba,0
Lesley,Lesley,0
Lesley-Anne,Lesley-Anne,0
Lesli,Lesli,0
Leslie,Leslie,0
Lesole,Lesole,0
Lester,Lester,0
Letang,Letang,0
Lethabo,Lethabo,0
Lethiwe,Lethiwe,0
Letho,Letho,0
Lethukuthula,Lethukuthula,0
Leticia,Leticia,0
Letlhogonolo,Letlhogonolo,0
Letlotlo,Letlotlo,0
Letoya,Letoya,0
Letshaba,Letshaba,0
Letshego,Letshego,0
Letta,Letta,0
Letticia,Letticia,0
Lettie,Lettie,0
Letumile,Letumile,0
Levert,Levert,0
Levi,Levi,0
Lewelyn Loyd,Lewelyn Loyd,0
Lewis,Lewis,0
Leyla,Leyla,0
Lezal,Lezal,0
Lezanda,Lezanda,0
Lezano,Lezano,0
Liaan,Liaan,0
Liam,Liam,0
Liana,Liana,0
Liandri,Liandri,0
Lianne,Lianne,0
Liebenberg,Liebenberg,0
Liesel,Liesel,0
Liesl,Liesl,0
Liezel,Liezel,0
Liezl,Liezl,0
Life,Life,0
Lihle,Lihle,0
Lilia,Lilia,0
Lilian,Lilian,0
Lilitha,Lilitha,0
Lilla,Lilla,0
Lillian,Lillian,0
Lills,Lills,0
Lima,Lima,0
Limbo,Limbo,0
Linah,Linah,0
Lincoln,Lincoln,0
Linda,Linda,0
Lindelani,Lindelani,0
Lindi,Lindi,0
Lindie,Lindie,0
Lindile,Lindile,0
Lindiwe,Lindiwe,0
Lindo,Lindo,0
Lindokhule,Lindokhule,0
Lindokuhle,Lindokuhle,0
Lindsay,Lindsay,0
Lindsay Caron,Lindsay Caron,0
Lindsey,Lindsey,0
Lindy,Lindy,0
Linell,Linell,0
Linely,Linely,0
Lineo,Lineo,0
Linet,Linet,0
Linette,Linette,0
Linkie,Linkie,0
Linley,Linley,0
Lin-Mari,Lin-Mari,0
Linora,Linora,0
Linton,Linton,0
Lionel,Lionel,0
Liran,Liran,0
Lirato,Lirato,0
Lisa,Lisa,0
Lisa-Siyanda,Lisa-Siyanda,0
Lisha,Lisha,0
Lishano,Lishano,0
Lishen,Lishen,0
Lisl,Lisl,0
Liso,Liso,0
Litha,Litha,0
Lithakazi,Lithakazi,0
Litshani,Litshani,0
Livers,Livers,0
Livhu,Livhu,0
Livian,Livian,0
Liwa,Liwa,0
Liz,Liz,0
Liza,Liza,0
Lizanne,Lizanne,0
Lize,Lize,0
Lizel,Lizel,0
Lizelle,Lizelle,0
Lizette,Lizette,0
Lizl,Lizl,0
Lizole,Lizole,0
Lizwe,Lizwe,0
LJ,LJ,0
Llewellyn,Llewellyn,0
Llewelyn,Llewelyn,0
Lloyd,Lloyd,0
Lluwellyn,Lluwellyn,0
Llwellyn,Llwellyn,0
Locivect,Locivect,0
Logan,Logan,0
Logash,Logash,0
Lohit,Lohit,0
Loise,Loise,0
Loknath,Loknath,0
Lolo,Lolo,0
Loncé,Loncé,0
Londani,Londani,0
Londeka,Londeka,0
Londi,Londi,0
Londiwe,Londiwe,0
Londubuhle,Londubuhle,0
Lonmin,Lonmin,0
Lood,Lood,0
Loophold,Loophold,0
Looshen,Looshen,0
Lordwick,Lordwick,0
Loren,Loren,0
Lorenda,Lorenda,0
Lorenzo,Lorenzo,0
Loretta,Loretta,0
Lorika,Lorika,0
Lorinda,Lorinda,0
Lorna,Lorna,0
Lorraine,Lorraine,0
Loubie,Loubie,0
Louis,Louis,0
Louisa,Louisa,0
Louise,Louise,0
Lourenco,Lourenco,0
Lourens,Lourens,0
Louwie,Louwie,0
Louwki,Louwki,0
Louwrens,Louwrens,0
Love,Love,0
Loveline,Loveline,0
Loveness,Loveness,0
Lovina,Lovina,0
Loyiso,Loyiso,0
Loynes,Loynes,0
Luadin,Luadin,0
Lubabalo,Lubabalo,0
Lubna,Lubna,0
Lucas,Lucas,0
Lucha,Lucha,0
Luchin,Luchin,0
Lucho,Lucho,0
Lucia,Lucia,0
Lucien,Lucien,0
Lucille,Lucille,0
Lucinda,Lucinda,0
Lucinde,Lucinde,0
Lucky,Lucky,0
Lucrecia,Lucrecia,0
Lucricia,Lucricia,0
Lucy,Lucy,0
Ludwick,Ludwick,0
Ludwig,Ludwig,0
Luewellyn,Luewellyn,0
Lufikile,Lufikile,0
Lufuno,Lufuno,0
Luigi,Luigi,0
Luis,Luis,0
Luiza,Luiza,0
Luka,Luka,0
Lukas,Lukas,0
Lukasz,Lukasz,0
Luke,Luke,0
Lukhanyiso,Lukhanyiso,0
Lukhanyo,Lukhanyo,0
Lulama,Lulama,0
Lulu,Lulu,0
Lumeri,Lumeri,0
Luna,Luna,0
Lunathi,Lunathi,0
Lunathi Paul,Lunathi Paul,0
Lundikazi,Lundikazi,0
Lunga,Lunga,0
Lungelwa,Lungelwa,0
Lungi,Lungi,0
Lungile,Lungile,0
Lungisa,Lungisa,0
Luqman,Luqman,0
Lusanda,Lusanda,0
Lushendran,Lushendran,0
Lutando,Lutando,0
Lutendo,Lutendo,0
Lutfi,Lutfi,0
Luthando,Luthando,0
Luthandolwethu,Luthandolwethu,0
Lutho,Lutho,0
Luvo,Luvo,0
Luvuko,Luvuko,0
Luvuyo,Luvuyo,0
Luwellan,Luwellan,0
Luxton,Luxton,0
Luyanda,Luyanda,0
Luyolo,Luyolo,0
Luzaan,Luzaan,0
Lwandle,Lwandle,0
Lwando,Lwando,0
Lwazi,Lwazi,0
Lyall,Lyall,0
Lydia,Lydia,0
Lydiah,Lydiah,0
Lyle,Lyle,0
Lyn,Lyn,0
Lynda,Lynda,0
Lyndal,Lyndal,0
Lynden,Lynden,0
Lyndie,Lyndie,0
Lynette,Lynette,0
Lynn,Lynn,0
Lynne,Lynne,0
Lynnette,Lynnette,0
Lynn-Lee,Lynn-Lee,0
Lynn-Marie,Lynn-Marie,0
Lynon,Lynon,0
Lynsey-Anne,Lynsey-Anne,0
Lynton,Lynton,0
Maamar,Maamar,0
Maanda,Maanda,0
Maartens,Maartens,0
Mabaila,Mabaila,0
Mabaile,Mabaile,0
Mabalenhle,Mabalenhle,0
Mabasharah,Mabasharah,0
Mabetha,Mabetha,0
Maboeletse,Maboeletse,0
Mabongi,Mabongi,0
Mabuyi,Mabuyi,0
Macbride,Macbride,0
Mac-bride,Mac-bride,0
MacDonald,MacDonald,0
Machilane,Machilane,0
Machobane,Machobane,0
Maciej,Maciej,0
Macro,Macro,0
Madaleen,Madaleen,0
Madeeg,Madeeg,0
Madeleine,Madeleine,0
Madidimalo ,Madidimalo ,0
Madifemo,Madifemo,0
Madimetja,Madimetja,0
Madineo,Madineo,0
Maditsi,Maditsi,0
Madrine,Madrine,0
Madula,Madula,0
Mae,Mae,0
Magan,Magan,0
Magash,Magash,0
Magda,Magda,0
Magdalena,Magdalena,0
Magdeline,Magdeline,0
Maggie,Maggie,0
Maghmood,Maghmood,0
Magnus,Magnus,0
Magofane,Magofane,0
Magogodi,Magogodi,0
Magret,Magret,0
Magriet,Magriet,0
Mahatma,Mahatma,0
Mahboobur,Mahboobur,0
Mahendira,Mahendira,0
Mahendra,Mahendra,0
Mahendran,Mahendran,0
Maheshin,Maheshin,0
Mahlatse,Mahlatse,0
Mahlatsi,Mahlatsi,0
Mahlohonolo,Mahlohonolo,0
Mahlomola,Mahlomola,0
Mahmood,Mahmood,0
Mahomed,Mahomed,0
Maidi,Maidi,0
Maina,Maina,0
Maisha,Maisha,0
Maisong,Maisong,0
Maiza,Maiza,0
Majdee,Majdee,0
Majed,Majed,0
Makgale Naphtally,Makgale Naphtally,0
Makgotso,Makgotso,0
Makhaza,Makhaza,0
Makhense,Makhense,0
Makhetha,Makhetha,0
Makhosazana,Makhosazana,0
Makhotso,Makhotso,0
Malan,Malan,0
Malcolm,Malcolm,0
Malcom,Malcom,0
Malebo,Malebo,0
Malefetsane,Malefetsane,0
Malefo,Malefo,0
Malehafa,Malehafa,0
Malehlohonolo,Malehlohonolo,0
Malekgotla,Malekgotla,0
Malela,Malela,0
Malerotho,Malerotho,0
Malesela,Malesela,0
Malikah,Malikah,0
Malixole,Malixole,0
Mallie,Mallie,0
Mallory,Mallory,0
Malose,Malose,0
Malusi,Malusi,0
Mamapudi,Mamapudi,0
Mamatha,Mamatha,0
Mamello,Mamello,0
Mamma,Mamma,0
Mamosieng,Mamosieng,0
Mampekeng,Mampekeng,0
Mamuswenyana,Mamuswenyana,0
Manahi Mohamad,Manahi Mohamad,0
Manchabo,Manchabo,0
Mandi,Mandi,0
Mandilakhe,Mandilakhe,0
Mandisa,Mandisa,0
Mandisi,Mandisi,0
Mandla,Mandla,0
Mandlenkosi,Mandlenkosi,0
Mandy,Mandy,0
Mandyi,Mandyi,0
Manecia,Manecia,0
Manesh,Manesh,0
Manfred,Manfred,0
Mangalani,Mangalani,0
Mangaliso,Mangaliso,0
Maniel,Maniel,0
Maniette,Maniette,0
Manisha,Manisha,0
Manjusha,Manjusha,0
Mankwe,Mankwe,0
Mannasseh,Mannasseh,0
Mannes,Mannes,0
Manny,Manny,0
Manoj,Manoj,0
Manoko,Manoko,0
Mantsho,Mantsho,0
Manu,Manu,0
Manuel,Manuel,0
Maokaneng,Maokaneng,0
Mapalo,Mapalo,0
Mapaseka,Mapaseka,0
Maphefo,Maphefo,0
Maphehle Danny,Maphehle Danny,0
Maphuti,Maphuti,0
Mapitso,Mapitso,0
Mapula,Mapula,0
Mapule,Mapule,0
Marc,Marc,0
Marcel,Marcel,0
Marcell,Marcell,0
Marcella,Marcella,0
Marcelle,Marcelle,0
Marcellino,Marcellino,0
Marcello,Marcello,0
Marcha-Lee,Marcha-Lee,0
Marchelle,Marchelle,0
Marchello,Marchello,0
Marcia,Marcia,0
Marco,Marco,0
Marcos,Marcos,0
Marcus,Marcus,0
Maree,Maree,0
Marek,Marek,0
Mareline,Mareline,0
Marelise,Marelise,0
Mareloe,Mareloe,0
Margaret,Margaret,0
Margarita,Margarita,0
Margeret,Margeret,0
Margie,Margie,0
Margit,Margit,0
Margot,Margot,0
Mari,Mari,0
Maria,Maria,0
Mariaan,Mariaan,0
Mariam,Mariam,0
Marian,Marian,0
Mariana,Mariana,0
Marianna,Marianna,0
Marie,Marie,0
Mariecel,Mariecel,0
Marie-Eve,Marie-Eve,0
Marie-Louise,Marie-Louise,0
Marieta,Marieta,0
Marietjie,Marietjie,0
Mariette,Mariette,0
Marike,Marike,0
Marilette,Marilette,0
Marili,Marili,0
Marilize,Marilize,0
Mariloe,Mariloe,0
Mari-Louise,Mari-Louise,0
Marilyn,Marilyn,0
Marina Cervantes,Marina Cervantes,0
Marinda,Marinda,0
Marinus,Marinus,0
Mario,Mario,0
Marion,Marion,0
Marique,Marique,0
Marisa,Marisa,0
Marisa Stevens,Marisa Stevens,0
Mariska,Mariska,0
Marissa,Marissa,0
Maritza,Maritza,0
Maritzka,Maritzka,0
Marius,Marius,0
Mariza,Mariza,0
Marizaan,Marizaan,0
Marjo,Marjo,0
Marjun,Marjun,0
Mark,Mark,0
Marko,Marko,0
Markus,Markus,0
Marlene,Marlene,0
Marlin,Marlin,0
Marlise,Marlise,0
Marlize,Marlize,0
Marlon,Marlon,0
Marlou,Marlou,0
Marna,Marna,0
Marnus,Marnus,0
Marshall,Marshall,0
Martha,Martha,0
Marthie,Marthie,0
Marthinus,Marthinus,0
Marthunis,Marthunis,0
Martiens,Martiens,0
Martin,Martin,0
Martinique,Martinique,0
Marubini,Marubini,0
Marval,Marval,0
Marvel,Marvel,0
Marvellous,Marvellous,0
Marvin,Marvin,0
Marvin Vusi,Marvin Vusi,0
Marwaan,Marwaan,0
Mary,Mary,0
Mary Ann,Mary Ann,0
Mary Sajni,Mary Sajni,0
Maryam,Maryam,0
Maryan,Maryan,0
Mary-Ann,Mary-Ann,0
Maryanne,Maryanne,0
Maryette,Maryette,0
Mary-Jane,Mary-Jane,0
Maryke,Maryke,0
Mary-Lee,Mary-Lee,0
Maryna,Maryna,0
Maseabata,Maseabata,0
Masechaba,Masechaba,0
Masego,Masego,0
Masentle Dimakatso,Masentle Dimakatso,0
Mash,Mash,0
Mashadi,Mashadi,0
Mashudu,Mashudu,0
Masibulele,Masibulele,0
Masie,Masie,0
Masilo,Masilo,0
Masingita,Masingita,0
Masixole,Masixole,0
Mas'ood,Mas'ood,0
Masques,Masques,0
Matate,Matate,0
Mateus,Mateus,0
Mathabo,Mathabo,0
Mathan,Mathan,0
Mathapelo,Mathapelo,0
Mathebe,Mathebe,0
Matheus,Matheus,0
Mathew,Mathew,0
Mathews,Mathews,0
Mathias,Mathias,0
Mathys,Mathys,0
Matias,Matias,0
Matimba,Matimba,0
Matimu,Matimu,0
Matlakala,Matlakala,0
Matome,Matome,0
Matome Van der,Matome Van der,0
Matome W,Matome W,0
matomemw3,matomemw3,0
MatomeN,MatomeN,0
matomeT,matomeT,0
MatomeTUnity,MatomeTUnity,0
Matshediso,Matshediso,0
Matshego,Matshego,0
Matshepho,Matshepho,0
Matsie,Matsie,0
Matsietsi,Matsietsi,0
Matt,Matt,0
Matthew,Matthew,0
Matthews,Matthews,0
Matthias,Matthias,0
Maud,Maud,0
Maudeny,Maudeny,0
Maungo,Maungo,0
Maureen,Maureen,0
Maurice,Maurice,0
Mauritz,Mauritz,0
Mauro,Mauro,0
Mavhungu,Mavhungu,0
Mavis,Mavis,0
Mawaddah,Mawaddah,0
Mawaka,Mawaka,0
Mawethu,Mawethu,0
Mawusi,Mawusi,0
Max,Max,0
Maxine,Maxine,0
Maxlaw,Maxlaw,0
Maxwel,Maxwel,0
Maxwell,Maxwell,0
MAYEN,MAYEN,0
Mayleen,Mayleen,0
Mayma,Mayma,0
Mayowa,Mayowa,0
Mayuka,Mayuka,0
Mayur,Mayur,0
Mayuri,Mayuri,0
Mazibuko,Mazibuko,0
Mbalenhle,Mbalenhle,0
Mbali,Mbali,0
Mbambi,Mbambi,0
Mbongeni,Mbongeni,0
Mbongiseni,Mbongiseni,0
Mboni,Mboni,0
Mbudzeni,Mbudzeni,0
Mbulelo,Mbulelo,0
Mbuso,Mbuso,0
Mbuso Meshack,Mbuso Meshack,0
McDonald,McDonald,0
Mdu,Mdu,0
Mduduzi,Mduduzi,0
Mdumiseni,Mdumiseni,0
MEA CEO,MEA CEO,1
MEA.ZA.,MEA.ZA.,1
Meagan,Meagan,0
Megal,Megal,0
Megan,Megan,0
Meisei,Meisei,0
Mel,Mel,0
Melani,Melani,0
Melanie,Melanie,0
Melashen,Melashen,0
Melinda,Melinda,0
Melissa,Melissa,0
Mellissa,Mellissa,0
Melliza,Melliza,0
Melt,Melt,0
Melton,Melton,0
Melumzi,Melumzi,0
Melvern,Melvern,0
Melvin,Melvin,0
Melyn,Melyn,0
Memory,Memory,0
Menahem,Menahem,0
Mendi,Mendi,0
Mendie,Mendie,0
Mengi,Mengi,0
Mengie,Mengie,0
Merchants,Merchants,0
Mercia,Mercia,0
Merciline,Merciline,0
Mercy,Mercy,0
Merily,Merily,0
Merise,Merise,0
Merlene,Merlene,0
Mervin,Mervin,0
Mervyn,Mervyn,0
Meshack,Meshack,0
Meshan,Meshan,0
Methuen,Methuen,0
Metrine,Metrine,0
Metro,Metro,0
Meyer,Meyer,0
Mfikeleli,Mfikeleli,0
Mfundo,Mfundo,0
Mholi,Mholi,0
Mia,Mia,0
Micaela,Micaela,0
Micah,Micah,0
Micha,Micha,0
Michael,Michael,0
Michael Muraguri,Michael Muraguri,0
Michaela,Michaela,0
MichaelTait,MichaelTait,0
Miche,Miche,0
Micheal,Micheal,0
Michel,Michel,0
Michele,Michele,0
Michelle,Michelle,0
Michiel,Michiel,0
Mickey,Mickey,0
Micki,Micki,0
Mickyle,Mickyle,0
Mieftaag,Mieftaag,0
Mielisha,Mielisha,0
Miempie,Miempie,0
Mieshka,Mieshka,0
Migheil,Migheil,0
Miguel,Miguel,0
Mihaela,Mihaela,0
Mihajlo,Mihajlo,0
Mihloti,Mihloti,0
Mikaela,Mikaela,0
Mike,Mike,0
Mikella,Mikella,0
Mikhail,Mikhail,0
Mila,Mila,0
Milan,Milan,0
Mildred,Mildred,0
Miles,Miles,0
Milesh,Milesh,0
Miliswa,Miliswa,0
Millicent,Millicent,0
Milton Fernandes,Milton Fernandes,0
Minah,Minah,0
Minda,Minda,0
Minesh,Minesh,0
Minette,Minette,0
Mingeol,Mingeol,0
Minnah,Minnah,0
Miraj,Miraj,0
Miranda,Miranda,0
Mireille,Mireille,0
Miriam,Miriam,0
Mironi,Mironi,0
Mirriam,Mirriam,0
Mirriam Mpopo,Mirriam Mpopo,0
Misha,Misha,0
Mishaam,Mishaam,0
Mishkah,Mishkah,0
Mital,Mital,0
Mitch,Mitch,0
Mitcheleigh,Mitcheleigh,0
Mitchell,Mitchell,0
Mitchi,Mitchi,0
Mitesh,Mitesh,0
Mithum,Mithum,0
Miya,Miya,0
MK,MK,0
Mkateko,Mkateko,0
Mkhango,Mkhango,0
Mkhize,Mkhize,0
Mkhuseli,Mkhuseli,0
MKP,MKP,0
Mlangeni,Mlangeni,0
Mlomo,Mlomo,0
Mlungisi,Mlungisi,0
Mlungisi Goodwill,Mlungisi Goodwill,0
Mmabatho,Mmabatho,0
Mmabore,Mmabore,0
Mmafusi,Mmafusi,0
Mmajwala,Mmajwala,0
Mmalehu,Mmalehu,0
Mmapitsi,Mmapitsi,0
Mmathabo,Mmathabo,0
MMatli,MMatli,0
Mmatshepo,Mmatshepo,0
Mmimi,Mmimi,0
Mmoloki,Mmoloki,0
Mncedisi,Mncedisi,0
Mndemi,Mndemi,0
Mntuyazi,Mntuyazi,0
Mo,Mo,0
Moagi,Moagi,0
Moasi,Moasi,0
Modernique,Modernique,0
Modiegi,Modiegi,0
Modiehi,Modiehi,0
Modisa,Modisa,0
Modise,Modise,0
Modishi,Modishi,0
Moe,Moe,0
Moegamad,Moegamad,0
Moegamat,Moegamat,0
Moegammad,Moegammad,0
Moegammed,Moegammed,0
Moegamt,Moegamt,0
Moeneeb,Moeneeb,0
Moeti,Moeti,0
Moezelle,Moezelle,0
Mofopefoluwa,Mofopefoluwa,0
Mogale,Mogale,0
Mogamad,Mogamad,0
Mogamat,Mogamat,0
Mogamat Zubair,Mogamat Zubair,0
Mogammad,Mogammad,0
Mogammat,Mogammat,0
Mohamad,Mohamad,0
Mohamed,Mohamed,0
Mohammad,Mohammad,0
Mohammed,Mohammed,0
Mohammed Kamil,Mohammed Kamil,0
Mohammed Nasser,Mohammed Nasser,0
Mohan,Mohan,0
Mohau,Mohau,0
Moheeni,Moheeni,0
Mohgamat,Mohgamat,0
Mohiyuddin,Mohiyuddin,0
Mohlao,Mohlao,0
Mohumutsi,Mohumutsi,0
Moipone,Moipone,0
Moira,Moira,0
Moitshepi,Moitshepi,0
Mojaki,Mojaki,0
Mojela,Mojela,0
Mokesh,Mokesh,0
Mokgadi,Mokgadi,0
Mokgothu,Mokgothu,0
Molahlehi,Molahlehi,0
Molatsi,Molatsi,0
Moleboheng,Moleboheng,0
Molefe,Molefe,0
Molly,Molly,0
Moloko,Moloko,0
Mona S,Mona S,0
Monét,Monét,0
Monageng,Monageng,0
Monalisa,Monalisa,0
Monde,Monde,0
Monei,Monei,0
Moneshwar,Moneshwar,0
Monette,Monette,0
Mongezi,Mongezi,0
Mongi,Mongi,0
Monica,Monica,0
Monicca,Monicca,0
Monika,Monika,0
Monique,Monique,0
Moniz,Moniz,0
Monray,Monray,0
Montle,Montle,0
Monty,Monty,0
Mooke,Mooke,0
Mookgo,Mookgo,0
Moorthy,Moorthy,0
Moosa,Moosa,0
Moratiwa,Moratiwa,0
Moratwa,Moratwa,0
Moratwe,Moratwe,0
Moray,Moray,0
Moreen,Moreen,0
Morelle,Morelle,0
Morgan,Morgan,0
Morne,Morne,0
Mornette,Mornette,0
Morongwa,Morongwa,0
Mosa,Mosa,0
Moses,Moses,0
Moshate,Moshate,0
Moshe,Moshe,0
Mosia,Mosia,0
Mosibudi,Mosibudi,0
Moss,Moss,0
Mothetana,Mothetana,0
Mothusi,Mothusi,0
Motlalepula,Motlalepula,0
Motlalepule,Motlalepule,0
Motlalepulei,Motlalepulei,0
Motlatsi,Motlatsi,0
Mou,Mou,0
Mouritz,Mouritz,0
Mouton,Mouton,0
Movashan,Movashan,0
Moyahabo,Moyahabo,0
Moyeni,Moyeni,0
Mpendulo,Mpendulo,0
Mpfariseni,Mpfariseni,0
Mphiwa,Mphiwa,0
Mpho,Mpho,0
Mpho Fae,Mpho Fae,0
Mpilo,Mpilo,0
Mponeng,Mponeng,0
Mpume,Mpume,0
Mpumelelo,Mpumelelo,0
Mpumi,Mpumi,0
Mqolisi,Mqolisi,0
Msizi,Msizi,0
Mthabisi,Mthabisi,0
Mthembeki,Mthembeki,0
Mthethwa,Mthethwa,0
Mthobisi,Mthobisi,0
Mthoko,Mthoko,0
Mthokozise,Mthokozise,0
Mthokozisi,Mthokozisi,0
Mthunzi,Mthunzi,0
Mthuthuzeli,Mthuthuzeli,0
Mtunzi,Mtunzi,0
Muaaz,Muaaz,0
Mu-az,Mu-az,0
Mubeen,Mubeen,0
Muchai,Muchai,0
Mudanalwo,Mudanalwo,0
Mudzweda,Mudzweda,0
Muhammad,Muhammad,0
Nkonzo,Nkonzo,0
Nkosana,Nkosana,0
Nkosekhaya,Nkosekhaya,0
Nkosi,Nkosi,0
Nkosikhona,Nkosikhona,0
Nkosinathe,Nkosinathe,0
Nkosinathi,Nkosinathi,0
Nkosingimele,Nkosingimele,0
Nkosingiphile,Nkosingiphile,0
Nkuli,Nkuli,0
Nkululeko,Nkululeko,0
Noah,Noah,0
Nobantu,Nobantu,0
Nobashnee,Nobashnee,0
Nobesuthu,Nobesuthu,0
Nobethu,Nobethu,0
Nobuhiro,Nobuhiro,0
Nobuhle,Nobuhle,0
Nocwaka,Nocwaka,0
Noel,Noel,0
Noelandren,Noelandren,0
Noelia,Noelia,0
Noeraan,Noeraan,0
Nohlanhla,Nohlanhla,0
Nokubonga,Nokubonga,0
Nokukhanya,Nokukhanya,0
Nokulunga,Nokulunga,0
Nokuphila,Nokuphila,0
Nokuthaba,Nokuthaba,0
Nokuthula,Nokuthula,0
Nokwanda,Nokwanda,0
Nolan,Nolan,0
Noleen,Noleen,0
Nolene,Nolene,0
Nolin,Nolin,0
Nolindo,Nolindo,0
Nolitha,Nolitha,0
Nolizwe,Nolizwe,0
Nolo,Nolo,0
Nols,Nols,0
Nolu,Nolu,0
Nolubabalo,Nolubabalo,0
Noludwe,Noludwe,0
Nolutando,Nolutando,0
Noluthando,Noluthando,0
Noluvo,Noluvo,0
Noluvuyo,Noluvuyo,0
Nolwazi,Nolwazi,0
Noma,Noma,0
Nomabhelu,Nomabhelu,0
Nomagugu,Nomagugu,0
Nomahlubi,Nomahlubi,0
Nomakhwezi,Nomakhwezi,0
Nomalanga,Nomalanga,0
Nomandela,Nomandela,0
Nomaphelo,Nomaphelo,0
Nomasiphiwe,Nomasiphiwe,0
Nomasonto,Nomasonto,0
Nomathamsanqa,Nomathamsanqa,0
Nomathemba,Nomathemba,0
Nomawethu,Nomawethu,0
Nomayesa,Nomayesa,0
Nombasa,Nombasa,0
Nombulelo,Nombulelo,0
Nombuso,Nombuso,0
Nomcebo,Nomcebo,0
Nomfundo,Nomfundo,0
Nomhle,Nomhle,0
Nomkhitha,Nomkhitha,0
Nomkhosi,Nomkhosi,0
Nomonde,Nomonde,0
Nompilo,Nompilo,0
Nompumelelo,Nompumelelo,0
Nomsa,Nomsa,0
Nomthandazo,Nomthandazo,0
Nomthandoza,Nomthandoza,0
Nomusa,Nomusa,0
Nomusa Pretty Shange,Nomusa Pretty Shange,0
Nomvelo,Nomvelo,0
Nomvula,Nomvula,0
Nomzamo,Nomzamo,0
Nona,Nona,0
Nonceba,Nonceba,0
Nondumiso,Nondumiso,0
Nondyebo,Nondyebo,0
None Found,None Found,0
Nonhlanhla,Nonhlanhla,0
Noni,Noni,0
Nonie,Nonie,0
Nonjabulo,Nonjabulo,0
Nonku,Nonku,0
Nonkululeko,Nonkululeko,0
Nono,Nono,0
Nono Tumelo Virginiah,Nono Tumelo Virginiah,0
Nonofo,Nonofo,0
Nonso,Nonso,0
Nontando,Nontando,0
Nontembeko,Nontembeko,0
Nontobeko,Nontobeko,0
Nontokozo,Nontokozo,0
Nontololo,Nontololo,0
Nontololo Francis,Nontololo Francis,0
Nontuthuko,Nontuthuko,0
Nontuthuzelo,Nontuthuzelo,0
Nonyameko,Nonyameko,0
Nonzuzo,Nonzuzo,0
Nonzwakazi,Nonzwakazi,0
Noor,Noor,0
Norah,Norah,0
Norbert,Norbert,0
Noreen,Noreen,0
Norman,Norman,0
Nosicelo,Nosicelo,0
Nosihle,Nosihle,0
Nosiphiwo,Nosiphiwo,0
Nosipho,Nosipho,0
Nosisa,Nosisa,0
Nosithembele,Nosithembele,0
Nosizwe,Nosizwe,0
Nothemba,Nothemba,0
Nox,Nox,0
Noxolo,Noxolo,0
Noxy,Noxy,0
Noyethu,Noyethu,0
Noyise,Noyise,0
Nozi,Nozi,0
Nozibele Letticia,Nozibele Letticia,0
Noziphiwo,Noziphiwo,0
Nozipho,Nozipho,0
Nqabayetu,Nqabayetu,0
Nqobile,Nqobile,0
Nsebenzo,Nsebenzo,0
Ntando,Ntando,0
Ntandokazi,Ntandokazi,0
Ntebaleng,Ntebaleng,0
Ntemi,Ntemi,0
Nteseng,Nteseng,0
Nthabeleng,Nthabeleng,0
Nthabi,Nthabi,0
Nthabiseng,Nthabiseng,0
Nthako,Nthako,0
Nthati,Nthati,0
Nthato,Nthato,0
Ntholeng-Caroline,Ntholeng-Caroline,0
Ntoboxolo,Ntoboxolo,0
Ntokoza,Ntokoza,0
Ntokozo,Ntokozo,0
Ntombethemba,Ntombethemba,0
Ntombi,Ntombi,0
Ntombifuthi,Ntombifuthi,0
Ntombina,Ntombina,0
Ntombiyenkosi,Ntombiyenkosi,0
Ntombizodwa,Ntombizodwa,0
Ntombozuko,Ntombozuko,0
Ntsako,Ntsako,0
Ntsepeng,Ntsepeng,0
Ntshe,Ntshe,0
Ntsieni,Ntsieni,0
Ntsikelelo,Ntsikelelo,0
Ntsiki,Ntsiki,0
Ntsoaki,Ntsoaki,0
Ntswaki,Ntswaki,0
Ntuthuko,Ntuthuko,0
Ntuthuzelo,Ntuthuzelo,0
Nudaar,Nudaar,0
Nugi,Nugi,0
Nur,Nur,0
Nuraan,Nuraan,0
Nureen,Nureen,0
Nurse,Nurse,0
Nusrath ,Nusrath ,0
Nwabisa,Nwabisa,0
Nyeleti,Nyeleti,0
Nyiko,Nyiko,0
Nyiku,Nyiku,0
Nytanya,Nytanya,0
Obakeng,Obakeng,0
Obakeng Theresa,Obakeng Theresa,0
Ockert,Ockert,0
Odelia,Odelia,0
Odine,Odine,0
Odirile,Odirile,0
Odwa,Odwa,0
Ofentse,Ofentse,0
Ogheneothuko,Ogheneothuko,0
Ogi,Ogi,0
Okechi,Okechi,0
Okgabile,Okgabile,0
Okker,Okker,0
Olabode,Olabode,0
Oladotun,Oladotun,0
Olajumoke,Olajumoke,0
Olakunle,Olakunle,0
Olaolu,Olaolu,0
OLATUBOSUN,OLATUBOSUN,0
Olatunde,Olatunde,0
Olawale,Olawale,0
Olebile,Olebile,0
Olga,Olga,0
OlgaNyathi,OlgaNyathi,0
Olgar,Olgar,0
Oliver,Oliver,0
Olivia,Olivia,0
Olivier,Olivier,0
Olloff,Olloff,0
Oloff,Oloff,0
Oloninisi,Oloninisi,0
Olter,Olter,0
Oltman,Oltman,0
Oludotun,Oludotun,0
Olufuni,Olufuni,0
Olugbenga,Olugbenga,0
Olusegun,Olusegun,0
Oluseye,Oluseye,0
Olusola,Olusola,0
Oluwakemi,Oluwakemi,0
Oluwaseun,Oluwaseun,0
Olwen,Olwen,0
Olwethu,Olwethu,0
Omar,Omar,0
Omatseyin,Omatseyin,0
Omolara,Omolara,0
Omoleye,Omoleye,0
Omon,Omon,0
Onele,Onele,0
Onesmus,Onesmus,0
Ongezwa,Ongezwa,0
Onica,Onica,0
Onkabetse,Onkabetse,0
Onke,Onke,0
Onkemetse,Onkemetse,0
Onkgopotse,Onkgopotse,0
Onnayang,Onnayang,0
Onsite,Onsite,0
Ontlametse,Ontlametse,0
Oracle,Oracle,0
Orapeleng,Orapeleng,0
Orateng,Orateng,0
Orji,Orji,0
Orothamnus,Orothamnus,0
Osanga,Osanga,0
Oscar,Oscar,0
Osemhengbe,Osemhengbe,0
Osita,Osita,0
Otsile,Otsile,0
Otto,Otto,0
Otukho,Otukho,0
Ovais,Ovais,0
Owen,Owen,0
Owusuaa,Owusuaa,0
Oyama,Oyama,0
Paballo,Paballo,0
Paddington,Paddington,0
Padma,Padma,0
Padmaja,Padmaja,0
Paige,Paige,0
Pakam,Pakam,0
Pako,Pako,0
Paks,Paks,0
Pale,Pale,0
Palesa,Palesa,0
Pam,Pam,0
Pamela,Pamela,0
Pamella,Pamella,0
Panesh,Panesh,0
Panky,Panky,0
Paolo,Paolo,0
Papi,Papi,0
Paresh,Paresh,0
Paris,Paris,0
Pascal,Pascal,0
Pascalle,Pascalle,0
Pasco,Pasco,0
Pascoal,Pascoal,0
Paseka,Paseka,0
Pasmore,Pasmore,0
Pat,Pat,0
Patience,Patience,0
Patricia,Patricia,0
Patrick,Patrick,0
Paul,Paul,0
Paula,Paula,0
Paulina,Paulina,0
Pauline,Pauline,0
Paulino,Paulino,0
Paulo,Paulo,0
Paulos,Paulos,0
Paulus,Paulus,0
Pav,Pav,0
Pavan,Pavan,0
Pavel,Pavel,0
Pawel,Pawel,0
Paxley,Paxley,0
Peaceworth,Peaceworth,0
Pearl,Pearl,0
Pearse,Pearse,0
pebble,pebble,0
Pebbletree,Pebbletree,0
Pedro,Pedro,0
Peet,Peet,0
Pelaelo,Pelaelo,0
Pelisa,Pelisa,0
Pelo,Pelo,0
Pelokazi,Pelokazi,0
Penelope,Penelope,0
Penny,Penny,0
Percy,Percy,0
Perdigao Guila,Perdigao Guila,0
Perfect,Perfect,0
Peris,Peris,0
Perpetual,Perpetual,0
Perry,Perry,0
Perter,Perter,0
Pertunia,Pertunia,0
Pervallin,Pervallin,0
Pete,Pete,0
Peter,Peter,0
Peterson,Peterson,0
Petro,Petro,0
Petronella,Petronella,0
Petronilla,Petronilla,0
Petros,Petros,0
Petrus,Petrus,0
Petrus Jacobus,Petrus Jacobus,0
Petrus Johannes Jacobus,Petrus Johannes Jacobus,0
Petunia,Petunia,0
PF,PF,0
Pfani,Pfani,0
Pfumelani,Pfumelani,0
Phakama,Phakama,0
Phakamile,Phakamile,0
Phala,Phala,0
Phallang,Phallang,0
Phanie,Phanie,0
Phayo,Phayo,0
Phehello,Phehello,0
Pheladi,Pheladi,0
Phelelani,Phelelani,0
Phelelwa,Phelelwa,0
Phelokazi,Phelokazi,0
Phelolethu,Phelolethu,0
Phendulani,Phendulani,0
Phetole,Phetole,0
Phil,Phil,0
Phila,Phila,0
Philani,Philani,0
Philasande,Philasande,0
Philemon,Philemon,0
Philenda,Philenda,0
Philile,Philile,0
Philip,Philip,0
Philipa,Philipa,0
Philippa,Philippa,0
Philisa,Philisa,0
Philisiwe,Philisiwe,0
Philiswa,Philiswa,0
Phillemon,Phillemon,0
Phillicia,Phillicia,0
Phillimon,Phillimon,0
Phillip,Phillip,0
Phillipa,Phillipa,0
Phillipine,Phillipine,0
Phillistus,Phillistus,0
Philomena,Philomena,0
Phinda,Phinda,0
Phindi,Phindi,0
Phindile,Phindile,0
Phineas,Phineas,0
Phiri,Phiri,0
Phiwe,Phiwe,0
Pholoso,Pholoso,0
Phomolo,Phomolo,0
Phone,Phone,0
Phumelele,Phumelele,0
Phumeza,Phumeza,0
Phumla,Phumla,0
Phumlani,Phumlani,0
Phumu,Phumu,0
Phumudzo,Phumudzo,0
Phumza,Phumza,0
Phumzile,Phumzile,0
Phuthi,Phuthi,0
Phuti,Phuti,0
Physio,Physio,0
Pi,Pi,0
Piero,Piero,0
Pierre,Pierre,0
Piet,Piet,0
Pieter,Pieter,0
Pilani,Pilani,0
Pine,Pine,0
Pinki,Pinki,0
Pinky,Pinky,0
Pinzi,Pinzi,0
Piotr,Piotr,0
Pippa,Pippa,0
Pius,Pius,0
Pixi,Pixi,0
PJ,PJ,0
Plessey,Plessey,0
Poenie,Poenie,0
Pogiso,Pogiso,0
Polokego,Polokego,0
Poloko,Poloko,0
Ponciano,Ponciano,0
Pontsho,Pontsho,0
Pooven,Pooven,0
Poovi,Poovi,0
Porche,Porche,0
Porchia,Porchia,0
Portia,Portia,0
Prabhat,Prabhat,0
Pradeep,Pradeep,0
Pragasan,Pragasan,0
Pragasen,Pragasen,0
Praneeta,Praneeta,0
Pranisha,Pranisha,0
Prasantham,Prasantham,0
Prasha,Prasha,0
Prashant,Prashant,0
Prassanna,Prassanna,0
Praveen,Praveen,0
Praveena,Praveena,0
Pravesh,Pravesh,0
Pravin,Pravin,0
Preasen,Preasen,0
Preashini,Preashini,0
Precia,Precia,0
Precious,Precious,0
Preena,Preena,0
Preggie,Preggie,0
Premelia,Premelia,0
Premeshan,Premeshan,0
Premier,Premier,0
Prenay,Prenay,0
Prenesh,Prenesh,0
Preneshen,Preneshen,0
Prenevin,Prenevin,0
Prenia,Prenia,0
Prenthan,Prenthan,0
Prescah,Prescah,0
Preshan,Preshan,0
President,President,0
Preston,Preston,0
Pretesh,Pretesh,0
Pretiness,Pretiness,0
Prim,Prim,0
Primrose,Primrose,0
Prince,Prince,0
Princess,Princess,0
Prinesh,Prinesh,0
Pringle,Pringle,0
Prinita,Prinita,0
Prins,Prins,0
Priscilla,Priscilla,0
Prisheena,Prisheena,0
Prishnee,Prishnee,0
Pritesh,Pritesh,0
Priven,Priven,0
Priya,Priya,0
Priyanka,Priyanka,0
Priyen,Priyen,0
Prof,Prof,0
Professor,Professor,0
Programme,Programme,0
Promise,Promise,0
Protus,Protus,0
Prudance,Prudance,0
Prudence,Prudence,0
Przemyslaw,Przemyslaw,0
Pule,Pule,0
Puleng,Puleng,0
Pullarao,Pullarao,0
Pumela,Pumela,0
Pumeza,Pumeza,0
Pumla,Pumla,0
Pumza,Pumza,0
Puseletso,Puseletso,0
Puso,Puso,0
Qaqamba,Qaqamba,0
Qhamani,Qhamani,0
Qolani Sikhumbuzo,Qolani Sikhumbuzo,0
Quaanita,Quaanita,0
Quentin,Quentin,0
Quimby,Quimby,0
Quinta,Quinta,0
Quintas,Quintas,0
Quintin,Quintin,0
Quinton,Quinton,0
Quintus,Quintus,0
Quissanga,Quissanga,0
Ra  eesah,Ra  eesah,0
Raabi-ah,Raabi-ah,0
Rabbi,Rabbi,0
Rabi,Rabi,0
Rabiah,Rabiah,0
Rabina,Rabina,0
Rabs,Rabs,0
Rachael,Rachael,0
Rachel,Rachel,0
Rachelle,Rachelle,0
Radesh,Radesh,0
Radhia,Radhia,0
Radhil,Radhil,0
Raees,Raees,0
Raeesa,Raeesa,0
Ra'eesa,Ra'eesa,0
Raeeza,Raeeza,0
Rafal,Rafal,0
Rafiek,Rafiek,0
Rafiekah,Rafiekah,0
Rafik,Rafik,0
Rafiq,Rafiq,0
Rageemah,Rageemah,0
Raghav,Raghav,0
Raheema,Raheema,0
Rahul,Rahul,0
Raieesah,Raieesah,0
Raimund Ian,Raimund Ian,0
Rainer,Rainer,0
Raj,Raj,0
Raja,Raja,0
Rajani,Rajani,0
Rajeev,Rajeev,0
Rajen,Rajen,0
Rajesh,Rajesh,0
Salman,Salman,0
Salome,Salome,0
Salomi,Salomi,0
Salomie,Salomie,0
Salomon,Salomon,0
Salt Studio,Salt Studio,0
Salum,Salum,0
Salvador,Salvador,0
Salvatore,Salvatore,0
Salvino,Salvino,0
Salwa,Salwa,0
Sam,Sam,0
Samad,Samad,0
Samantha,Samantha,0
Samar,Samar,0
Sambi,Sambi,0
Sameega,Sameega,0
Sameer,Sameer,0
Sameera,Sameera,0
Samir,Samir,0
Samira,Samira,0
Samkelo,Samkelo,0
Sammy,Sammy,0
Sampson Kotey,Sampson Kotey,0
Sam-Simcard,Sam-Simcard,0
Samson,Samson,0
Samuel,Samuel,0
Samukelisiwe,Samukelisiwe,0
Samukelo,Samukelo,0
Sandeep,Sandeep,0
Sandesh,Sandesh,0
Sandi,Sandi,0
Sandile,Sandile,0
Sandile Sihle,Sandile Sihle,0
Sandiso,Sandiso,0
Sandla,Sandla,0
Sandra,Sandra,0
Sandy,Sandy,0
Sanele,Sanele,0
Sanelisiwe,Sanelisiwe,0
Sanesh,Sanesh,0
Sanet,Sanet,0
Sanette,Sanette,0
Sanjay,Sanjay,0
Sanjeev,Sanjeev,0
Sanjeth,Sanjeth,0
Sanmari,Sanmari,0
Santhosh Kumar,Santhosh Kumar,0
Santie,Santie,0
Santosh,Santosh,0
Sanusha,Sanusha,0
Sanzio,Sanzio,0
SAPGT,SAPGT,0
Sapna,Sapna,0
Sara,Sara,0
Sarah,Sarah,0
Saras,Saras,0
Saraswati,Saraswati,0
Sarel,Sarel,0
Sarie,Sarie,0
Sarina,Sarina,0
Sarona,Sarona,0
Sarrah,Sarrah,0
Sarvesh,Sarvesh,0
Sasa,Sasa,0
Sascha,Sascha,0
Sasha,Sasha,0
Sasha-Lee,Sasha-Lee,0
Sashen,Sashen,0
Sashon,Sashon,0
Sateesh,Sateesh,0
Sathish,Sathish,0
Satish,Satish,0
Saurabh,Saurabh,0
Savannah,Savannah,0
Saveer,Saveer,0
Savio,Savio,0
Sayed,Sayed,0
Saynaaz,Saynaaz,0
Say-Neo,Say-Neo,0
Sbonelo,Sbonelo,0
Sbu,Sbu,0
Sbusiso,Sbusiso,0
Sbuyisiwe,Sbuyisiwe,0
Schalk,Schalk,0
Scherodene,Scherodene,0
SCOM,SCOM,1
Scott,Scott,0
Scotty,Scotty,0
Seakatsie,Seakatsie,0
Sean,Sean,0
Seapei,Seapei,0
Seasebo,Seasebo,0
Seb,Seb,0
Sebabatso,Sebabatso,0
Sebastiaan,Sebastiaan,0
Sebastian,Sebastian,0
Sebego,Sebego,0
Sebenzile,Sebenzile,0
Sebina,Sebina,0
Sebotse,Sebotse,0
Sechaba,Sechaba,0
Sedick,Sedick,0
Seelan,Seelan,0
Seema,Seema,0
Sefako,Sefako,0
Segun,Segun,0
Seif,Seif,0
Seipati,Seipati,0
Sejelo,Sejelo,0
Sekoetjhe,Sekoetjhe,0
Sekoto,Sekoto,0
Selby,Selby,0
Selebalo,Selebalo,0
Selebogo,Selebogo,0
Seleka,Seleka,0
Selina,Selina,0
Selinah,Selinah,0
Sello,Sello,0
Selloane,Selloane,0
Selnado,Selnado,0
Selvan,Selvan,0
Selven,Selven,0
Selvven,Selvven,0
Selwyn,Selwyn,0
semadm,semadm,0
Semano,Semano,0
Semenya,Semenya,0
Semone,Semone,0
Senah,Senah,0
Sene,Sene,0
Senoelo,Senoelo,0
Senter,Senter,0
Senyo,Senyo,0
Senzo,Senzo,0
Seponono,Seponono,0
Serati,Serati,0
Seresha,Seresha,0
Sereshan,Sereshan,0
Sergio,Sergio,0
Serole,Serole,0
Servallyn,Servallyn,0
Serwalo,Serwalo,0
Sesethu,Sesethu,0
Seshan,Seshan,0
Seshni,Seshni,0
Sethabela,Sethabela,0
Sethembelo,Sethembelo,0
Sevana,Sevana,0
Seyi,Seyi,0
Sfundo,Sfundo,0
Sha,Sha,0
Shaakir,Shaakir,0
Shaakira,Shaakira,0
Shaamiel,Shaamiel,0
Shabana,Shabana,0
Shabangu,Shabangu,0
Shabeer,Shabeer,0
Shabnum,Shabnum,0
Shadi,Shadi,0
Shadil,Shadil,0
Shadrack,Shadrack,0
Shadreck,Shadreck,0
Shadrey,Shadrey,0
Shafeeqah,Shafeeqah,0
Shafeequa,Shafeequa,0
Shafeer,Shafeer,0
Shafiek,Shafiek,0
Shafieka,Shafieka,0
Shafin,Shafin,0
Shahana,Shahana,0
Shaharazard,Shaharazard,0
Shahbaz,Shahbaz,0
Shaheed,Shaheed,0
Shaheem,Shaheem,0
Shaheema,Shaheema,0
Shaheen,Shaheen,0
Shahid,Shahid,0
Shahied,Shahied,0
Shailen,Shailen,0
Shaina,Shaina,0
Shaji,Shaji,0
Shakeel,Shakeel,0
Shakeenah,Shakeenah,0
Shakerah,Shakerah,0
Shakes,Shakes,0
Shakira,Shakira,0
Shakirah,Shakirah,0
Shakoor,Shakoor,0
Shalantha,Shalantha,0
Shalendra,Shalendra,0
Shalene,Shalene,0
Shalesia,Shalesia,0
Shallon,Shallon,0
Shalluwan,Shalluwan,0
Shalom,Shalom,0
Shalyn,Shalyn,0
Shama,Shama,0
Shamanie,Shamanie,0
Shameema,Shameema,0
Shameemah,Shameemah,0
Shameer,Shameer,0
Shamia,Shamia,0
Shamiela,Shamiela,0
Shané,Shané,0
Shanaaz,Shanaaz,0
Shanaz,Shanaz,0
Shandon,Shandon,0
Shandrey,Shandrey,0
Shandukani,Shandukani,0
Shane,Shane,0
Shanenin,Shanenin,0
Shani,Shani,0
Shanice,Shanice,0
Shanika,Shanika,0
Shanil,Shanil,0
Shanlee Linda-Ann,Shanlee Linda-Ann,0
Shanna,Shanna,0
Shannon,Shannon,0
Shantall,Shantall,0
Shantel,Shantel,0
Shantell,Shantell,0
Shaquille,Shaquille,0
Sharana,Sharana,0
Shareeka,Shareeka,0
Sharen,Sharen,0
Shareshnee,Shareshnee,0
Sharief,Sharief,0
Sharif,Sharif,0
Sharifa,Sharifa,0
Sharlene,Sharlene,0
Sharmeli,Sharmeli,0
Sharmil,Sharmil,0
Sharmla,Sharmla,0
Sharne,Sharne,0
Sharon,Sharon,0
Sharon Sharmaine,Sharon Sharmaine,0
Sharonn,Sharonn,0
Shash-Lee,Shash-Lee,0
Shatse,Shatse,0
Shaun,Shaun,0
Shaune,Shaune,0
Shaunice,Shaunice,0
Shawn,Shawn,0
Shaydean,Shaydean,0
Shayen,Shayen,0
Shaylen,Shaylen,0
Shaylin,Shaylin,0
She-Earl,She-Earl,0
Sheena,Sheena,0
Sheetal,Sheetal,0
Sheila,Sheila,0
Sheilah,Sheilah,0
Sheldon,Sheldon,0
Shelley,Shelley,0
Shelly,Shelly,0
Shelton,Shelton,0
Shenaaz,Shenaaz,0
Shennaz,Shennaz,0
Shepherd,Shepherd,0
Sheree,Sheree,0
Shereen,Shereen,0
Sherell,Sherell,0
Sherhaan,Sherhaan,0
Sheri,Sheri,0
Sherilee,Sherilee,0
Sherin,Sherin,0
Shermalin,Shermalin,0
Sherrard,Sherrard,0
Sherri,Sherri,0
Sherwin,Sherwin,0
Sherylene,Sherylene,0
Sheryn,Sheryn,0
Sheugnet,Sheugnet,0
Shihaam,Shihaam,0
Shihana,Shihana,0
Shika,Shika,0
Shilla,Shilla,0
Shilombe,Shilombe,0
Shilpa,Shilpa,0
Shimi,Shimi,0
Shimone',Shimone',0
Shinade,Shinade,0
Shingai,Shingai,0
Shinjin,Shinjin,0
Shiraan,Shiraan,0
Shiraz,Shiraz,0
Shiree,Shiree,0
Shireen,Shireen,0
Shirene,Shirene,0
Shirizane,Shirizane,0
Shirlene,Shirlene,0
Shirley,Shirley,0
Shirne,Shirne,0
Shivalian,Shivalian,0
Shiyaam,Shiyaam,0
Shokhoa,Shokhoa,0
Shotarou,Shotarou,0
Shounese,Shounese,0
Shownize,Shownize,0
Shrinivas,Shrinivas,0
Shruti,Shruti,0
Shuab,Shuab,0
Shuaib,Shuaib,0
Shubash,Shubash,0
Shulami,Shulami,0
Shumeez,Shumeez,0
Shun,Shun,0
Sia,Sia,0
Sian,Sian,0
Sibahle,Sibahle,0
Sibeth,Sibeth,0
Sibonelo,Sibonelo,0
Sibongakonke,Sibongakonke,0
Sibongile,Sibongile,0
Sibongimplilo,Sibongimplilo,0
Sibongiseni,Sibongiseni,0
Sibsiso,Sibsiso,0
Sibu,Sibu,0
Sibulele,Sibulele,0
Sibulelo,Sibulelo,0
Sibusiso,Sibusiso,0
Sibuyiselo,Sibuyiselo,0
Sicelo,Sicelo,0
Sid,Sid,0
Siddo,Siddo,0
Sidney,Sidney,0
Siebel,Siebel,0
Sieg,Sieg,0
Siegfried,Siegfried,0
Siehaam,Siehaam,0
Siemon,Siemon,0
Sifikile,Sifikile,0
Sifiso,Sifiso,0
Sifra,Sifra,0
Sifundo,Sifundo,0
Sihle,Sihle,0
Sihlobo,Sihlobo,0
Sikelela,Sikelela,0
Sikhulile,Sikhulile,0
Sikhululwe,Sikhululwe,0
Sikhumbuzo,Sikhumbuzo,0
Sikiru,Sikiru,0
Siko,Siko,0
Silas,Silas,0
Silindile,Silindile,0
Siliziwe,Siliziwe,0
Silke,Silke,0
Silvana,Silvana,0
Silvano,Silvano,0
Silverious,Silverious,0
Silvester,Silvester,0
Silvia,Silvia,0
Silvya,Silvya,0
Sim,Sim,0
Sima,Sima,0
Simanga,Simanga,0
Simao,Simao,0
Simeon,Simeon,0
Simlindile,Simlindile,0
Simmy,Simmy,0
Simon,Simon,0
Simona,Simona,0
Simone,Simone,0
Simooni,Simooni,0
Simosomnotho,Simosomnotho,0
Simphiwe,Simphiwe,0
Simpiwe,Simpiwe,0
Simukayi,Simukayi,0
Sina,Sina,0
Sinah,Sinah,0
Sinaya,Sinaya,0
Sinazo,Sinazo,0
Sindisile,Sindisile,0
Sindisiwe,Sindisiwe,0
Sindiswa,Sindiswa,0
Sine,Sine,0
Sinegugu,Sinegugu,0
Sinenhlanhla,Sinenhlanhla,0
Sinetemba,Sinetemba,0
Sineth,Sineth,0
Sinethemba,Sinethemba,0
Sino,Sino,0
Sinos,Sinos,0
Sinothando,Sinothando,0
Sinovuyo,Sinovuyo,0
Sinqobile,Sinqobile,0
Siobhan,Siobhan,0
Siphamandla,Siphamandla,0
Siphelele,Siphelele,0
Siphephelo,Siphephelo,0
Siphesande Sandile,Siphesande Sandile,0
Siphesihle,Siphesihle,0
Siphiwe,Siphiwe,0
Siphiwo,Siphiwo,0
Sipho,Sipho,0
Siphoesihle,Siphoesihle,0
Siphokazi,Siphokazi,0
Siphosethu,Siphosethu,0
Siphumeze,Siphumeze,0
Sipokazi,Sipokazi,0
Siraaj,Siraaj,0
Sisa,Sisa,0
Sisanda,Sisanda,0
Sishu,Sishu,0
Sisonke,Sisonke,0
Sita,Sita,0
Sithabie,Sithabie,0
Sithandazile,Sithandazile,0
Sithembele,Sithembele,0
Sithembile,Sithembile,0
Sithembiso,Sithembiso,0
Siva,Siva,0
Sive,Sive,0
Sivenathi,Sivenathi,0
Sivile,Sivile,0
Siviwe,Siviwe,0
Sivuyile,Sivuyile,0
Siwaphiwe,Siwaphiwe,0
Siya,Siya,0
Siyabonga,Siyabonga,0
Siyabulela,Siyabulela,0
Siyabulula,Siyabulula,0
Siyamtanda,Siyamtanda,0
Siyamthanda,Siyamthanda,0
Siyamthemba,Siyamthemba,0
Siyanda,Siyanda,0
Siyathemba,Siyathemba,0
Siyo,Siyo,0
Siyolise,Siyolise,0
Siyolo,Siyolo,0
Siza,Siza,0
Sizakele,Sizakele,0
Sizo,Sizo,0
Sizwe,Sizwe,0
Sjenade,Sjenade,0
Skhanyiso,Skhanyiso,0
Skhumbuzo,Skhumbuzo,0
Slee,Slee,0
Slindile,Slindile,0
Slo,Slo,0
Sly,Sly,0
S'manga,S'manga,0
Smangele,Smangele,0
Smith,Smith,0
S'ne,S'ne,0
Snehal,Snehal,0
Snethemba,Snethemba,0
Sofiane,Sofiane,0
Sohail,Sohail,0
Sohorab,Sohorab,0
Sokari,Sokari,0
Sokeleni,Sokeleni,0
Solange,Solange,0
Soletu,Soletu,0
Solly,Solly,0
Solomon,Solomon,0
Soma,Soma,0
Soneil,Soneil,0
Sonetta,Sonetta,0
Songezo,Songezo,0
Songi,Songi,0
Sonia,Sonia,0
Sonja,Sonja,0
Sonnet,Sonnet,0
Sonnyboy,Sonnyboy,0
Sonwabile,Sonwabile,0
Sonwabise,Sonwabise,0
Sonwabo,Sonwabo,0
Sonya,Sonya,0
Sooriah,Sooriah,0
Sophia,Sophia,0
Sophie,Sophie,0
Sophy,Sophy,0
Sorab,Sorab,0
Soraya,Soraya,0
Sotero,Sotero,0
SP 2010,SP 2010,1
Spare,Spare,0
Spencer,Spencer,0
Sphamandla,Sphamandla,0
Sphindile,Sphindile,0
Spiros,Spiros,0
Spyro,Spyro,0
Sreedhar,Sreedhar,0
Sreejesh,Sreejesh,0
Sri,Sri,0
Srini,Srini,0
Srinivas,Srinivas,0
Stacey,Stacey,0
Stacey-Lee,Stacey-Lee,0
Stacy,Stacy,0
Stan,Stan,0
Stanley,Stanley,0
Stanslous,Stanslous,0
Stanton,Stanton,0
Stark,Stark,0
Stefan,Stefan,0
Stefania,Stefania,0
Stefanie,Stefanie,0
Stefano,Stefano,0
Steffen,Steffen,0
Stelio,Stelio,0
Stella,Stella,0
Stephan,Stephan,0
Stephani,Stephani,0
Stephania,Stephania,0
Stephanie,Stephanie,0
Stephanus,Stephanus,0
Stephen,Stephen,0
Stephina,Stephina,0
Stephnie,Stephnie,0
Stev,Stev,0
Steve,Steve,0
Steven,Steven,0
Steven Mark,Steven Mark,0
Stewart,Stewart,0
Sthembile,Sthembile,0
Sthembiso,Sthembiso,0
Stiaan,Stiaan,0
Stock,Stock,0
Storm,Storm,0
Strauss,Strauss,0
Street,Street,0
Strini,Strini,0
Stu,Stu,0
Stuart,Stuart,0
Suale,Suale,0
Suanette,Suanette,0
Subashin,Subashin,0
Subashini,Subashini,0
Subhasis,Subhasis,0
Success,Success,0
Suchith,Suchith,0
Sudesan,Sudesan,0
Sudesh,Sudesh,0
Sudhakar,Sudhakar,0
Sudhir,Sudhir,0
Sudipto,Sudipto,0
Sudley,Sudley,0
Sue,Sue,0
Sue-Ann,Sue-Ann,0
Suerika,Suerika,0
Sugeshan,Sugeshan,0
Suhana,Suhana,0
Suhani,Suhani,0
Suhayl,Suhayl,0
Suignette,Suignette,0
Sujen,Sujen,0
Sulaiman,Sulaiman,0
Suleiman,Suleiman,0
Sulemane,Sulemane,0
Sulet,Sulet,0
Sumair,Sumair,0
Suman,Suman,0
Sumaya,Sumaya,0
Sumayya,Sumayya,0
Sumeshnee,Sumeshnee,0
Sunandi,Sunandi,0
Sunday,Sunday,0
Sundeep,Sundeep,0
Suneetha,Suneetha,0
Sungeetha,Sungeetha,0
Sunita,Sunita,0
Sunitha,Sunitha,0
Sunny,Sunny,0
Suprise,Suprise,0
Surajj,Surajj,0
Suranie,Suranie,0
Suraya,Suraya,0
Sureka,Sureka,0
Surekha,Surekha,0
Suren,Suren,0
Surendhar,Surendhar,0
Surika,Surika,0
Surina,Surina,0
Suroya,Suroya,0
Susan,Susan,0
Susarah,Susarah,0
Sushi,Sushi,0
Sushila,Sushila,0
Suvania ,Suvania ,0
Suvi,Suvi,0
Suzaan,Suzaan,0
Suzan,Suzan,0
Suzanne,Suzanne,0
Suzanne Ruth,Suzanne Ruth,0
Suzette,Suzette,0
Sven,Sven,0
SW,SW,0
Swapnil,Swapnil,0
Swatantra,Swatantra,0
Swati,Swati,0
Sweetness,Sweetness,0
Sweta,Sweta,0
Swiga,Swiga,0
Syanda,Syanda,0
Sybrand,Sybrand,0
Sydney,Sydney,0
Sydwell,Sydwell,0
Syed,Syed,0
Sylvester,Sylvester,0
Sylvestor,Sylvestor,0
Sylvia,Sylvia,0
Symone,Symone,0
Sysan,Sysan,0
T,T,0
Taahifrah,Taahifrah,0
Tevin,Tevin,0
Thaabiet,Thaabiet,0
Thaabit,Thaabit,0
Thabang,Thabang,0
Thabani,Thabani,0
Thabelo,Thabelo,0
Thabi,Thabi,0
Thabile,Thabile,0
Thabisa,Thabisa,0
Thabisile,Thabisile,0
Thabiso,Thabiso,0
Thabitha,Thabitha,0
Thabo,Thabo,0
Thabsile,Thabsile,0
Thadeus,Thadeus,0
Thahira,Thahira,0
Thaine,Thaine,0
Thamara,Thamara,0
Thamarai,Thamarai,0
Thami,Thami,0
Thamsanqa,Thamsanqa,0
Thandazile,Thandazile,0
Thandazo,Thandazo,0
Thandeka,Thandeka,0
Thandekile,Thandekile,0
Thandi,Thandi,0
Thandikile,Thandikile,0
Thandile,Thandile,0
Thandisile,Thandisile,0
Thandiwe,Thandiwe,0
Thando,Thando,0
Thandokazi,Thandokazi,0
Thandolwenkosi,Thandolwenkosi,0
Thandolwethu,Thandolwethu,0
Thandu,Thandu,0
Thanduxolo,Thanduxolo,0
Thania,Thania,0
Thanielle,Thanielle,0
Thanusha,Thanusha,0
Thanyani,Thanyani,0
Thapelo,Thapelo,0
Thareshen,Thareshen,0
Tharushan,Tharushan,0
Thaseelan,Thaseelan,0
Thashen,Thashen,0
Thaslik,Thaslik,0
Thasveer,Thasveer,0
Thatayaone,Thatayaone,0
Thatayothe,Thatayothe,0
Thati,Thati,0
Thato,Thato,0
Thatoyame,Thatoyame,0
Thaven,Thaven,0
The Focal,The Focal,1
The Forum,The Forum,1
Theagan,Theagan,0
Thebeyagae,Thebeyagae,0
Thekiso,Thekiso,0
Thelma,Thelma,0
Thelmah,Thelmah,0
Themba,Themba,0
Thembakazi,Thembakazi,0
Thembalethu,Thembalethu,0
Thembeka,Thembeka,0
Thembelani,Thembelani,0
Thembi,Thembi,0
Thembinkosi,Thembinkosi,0
Thembisa,Thembisa,0
Thembisile,Thembisile,0
Thendo,Thendo,0
Thenjiwe,Thenjiwe,0
Theo,Theo,0
Theodora,Theodora,0
Theodorah,Theodorah,0
Theodore,Theodore,0
Theodore Holden,Theodore Holden,0
Theolan,Theolan,0
Theolin,Theolin,0
Theon,Theon,0
Theophilus,Theophilus,0
Theresa,Theresa,0
Therina,Therina,0
Thero,Thero,0
Theto,Theto,0
Theunis,Theunis,0
Theuns,Theuns,0
Thewie,Thewie,0
Thibeletsa,Thibeletsa,0
Thierry,Thierry,0
Thikho,Thikho,0
Thina,Thina,0
Thinasonke,Thinasonke,0
Think,Think,0
Thinus,Thinus,0
Thirusha,Thirusha,0
Zama,Zama,0
Zama Sisa,Zama Sisa,0
Zamatshali,Zamatshali,0
Zameka,Zameka,0
Zamo,Zamo,0
Zamokuhle,Zamokuhle,0
Zanab,Zanab,0
Zandalee,Zandalee,0
Zander,Zander,0
Zandile,Zandile,0
Zandisiwe,Zandisiwe,0
Zandiswa,Zandiswa,0
Zandre,Zandre,0
Zane,Zane,0
Zanele,Zanele,0
Zanett,Zanett,0
Zani,Zani,0
Zanthea,Zanthea,0
Zara,Zara,0
Zarreen,Zarreen,0
Zayd,Zayd,0
Zayed,Zayed,0
Zayne,Zayne,0
Zaza,Zaza,0
Zea,Zea,0
Zee,Zee,0
Zeelia,Zeelia,0
Zeenittonesa,Zeenittonesa,0
Zelda,Zelda,0
Zellah Fuphe,Zellah Fuphe,0
Zelmah,Zelmah,0
Zenda,Zenda,0
Zenobia,Zenobia,0
Zenzi,Zenzi,0
Zephania,Zephania,0
Zerahn,Zerahn,0
Zeyaad,Zeyaad,0
Zeyad,Zeyad,0
Zeyn,Zeyn,0
Zeynep,Zeynep,0
facilities,facilities,1
Auto,Auto,1
AutoAccepter,AutoAccepter,1
Automate,Automate,1
BI,BI,1
Bid Office,Bid Office,1
BidOffice,BidOffice,1
BISvc,BISvc,1
Black Pearl,Black Pearl,1
Blackberry,Blackberry,1
CommissionsDept,CommissionsDept,1
Comms,Comms,1
Communications,Communications,1
COMMVAULT,COMMVAULT,1
ComplainsBox,ComplainsBox,1
CompuBrand Helpdesk,CompuBrand Helpdesk,1
CompuBrand Information,CompuBrand Information,1
CompuBrand Management,CompuBrand Management,1
CompuBrand Update Requests,CompuBrand Update Requests,1
Compute,Compute,1
Desktop.Support,Desktop.Support,1
Development,Development,1
Dex,Dex,1
DIC,DIC,1
Digital,Digital,1
Diodora,Diodora,1
Directors,Directors,1
Dispatch,Dispatch,1
disselboom,disselboom,1
Divine,Divine,1
DNS,DNS,1
DSAV,DSAV,1
DSAV1,DSAV1,1
E3User1,E3User1,1
E3User2,E3User2,1
E3User3,E3User3,1
Global,Global,1
Global Access,Global Access,1
group_user,group_user,1
GroupIS,GroupIS,1
GroupIT,GroupIT,1
gsoa.auth.services,gsoa.auth.services,1
GT,GT,1
Guardian,Guardian,1
Guest,Guest,1
Helpdesk,Helpdesk,1
Hotel,Hotel,1
hp,hp,1
HR,HR,1
MDD,MDD,1
MDG,MDG,1
MDT,MDT,1
MEA,MEA,1
MEA.ZA,MEA.ZA,1
Mimecast,Mimecast,1
MimeCast_01,MimeCast_01,1
Polycom,Polycom,1
ProductTraining,ProductTraining,1
Professional Services,Professional Services,1
Project Management,Project Management,1
Projector,Projector,1
Room,Room,1
Room.Googly,Room.Googly,1
Room.SkypeRooms,Room.SkypeRooms,1
Scans,Scans,1
Scarborough,Scarborough,1
SCCM Test,SCCM Test,1
sccmsvc,sccmsvc,1
SCOM,SCOM,1
Server,Server,1
Service,Service,1
Service Management,Service Management,1
SP,SP,1
SP 2010,SP 2010,1
Test,Test,1
Test M,Test M,1
Test.Restore,Test.Restore,1
Test_Room,Test_Room,1
Test01,Test01,1
test02,test02,1
Test03,Test03,1
Visitors,Visitors,1
Voice,Voice,1
Voice Mail for,Voice Mail for,1
Voicemail,Voicemail,1
ZA Bloem,ZA Bloem,1
ZA CPT,ZA CPT,1
ZA DBN,ZA DBN,1
ZA EL,ZA EL,1
ZA IS DBN,ZA IS DBN,1
ZA JHB,ZA JHB,1
ZA PE,ZA PE,1
Zambezi1,Zambezi1,1
ZASAPBWDev,ZASAPBWDev,1
ZASapBWQa,ZASapBWQa,1
ZASapBWSvc,ZASapBWSvc,1
ZASapErpSvc,ZASapErpSvc,1
ZASapHRDev,ZASapHRDev,1
ZASapHRQa,ZASapHRQa,1
ZASapHRSvc,ZASapHRSvc,1
zaspisclu,zaspisclu,1
ZASQLCL1Svc,ZASQLCL1Svc,1
ZAtms,ZAtms,1
Ziegler,Ziegler,1
Zone,Zone,1
zonesservice,zonesservice,1
zpsadm,zpsadm,1
ZQ1ADM,ZQ1ADM,1
Zurich,Zurich,1
ZXDADM,ZXDADM,1
zxpadm,zxpadm,1
ZXQADM,ZXQADM,1
